1080643,"74,856,323","59,210,819","42,417,587","15,391,764"
1181144,"47,810,194","1,051,870","528,255","2,545,320"
1408250,"38,679,128","1,423,388","12,295","3,042,474"
1518877,"42,620,117","816,790","302,239","1,190,002"
1519039,"45,490,374","2,268,433","431,883","1,307,702"
1616270,"69,294,676","52,978,283","37,840,529","11,558,915"
1616635,"73,334,096","61,178,478","45,267,530","12,710,844"
1678654,"43,329,918","4,766,895","732,366","8,624,973"
2339837,"58,070,721","20,487,165","12,987,233","12,853,687"
2349813,"62,303,129","29,780,493","34,617,200","12,665,462"
3094944,"64,182,887","25,786,788","14,344,855","7,338,298"
3534140,"74,768,495","61,970,834","54,616,447","16,636,407"
4209884,"43,149,830","866,697","880,350","1,811,319"
4361916,"77,982,570","67,526,177","83,243,769","15,993,575"
4785737,"72,813,061","79,390,738","77,377,523","14,063,078"
5479378,"90,018,320","119,869,418","131,381,868","20,690,980"
5716022,"71,815,793","16,253,016","6,490,614","2,824,885"
6017556,"58,793,781","7,773,234","8,118,784","7,340,406"
6261400,"42,237,677","9,951,983","3,609,082","15,213,713"
6845524,"82,112,782","21,695,698","20,530,255","11,657,949"
6960423,"69,651,040","63,009,219","32,995,964","11,832,060"
7568329,"74,547,022","46,006,962","25,653,040","9,161,456"
7681587,"92,283,804","122,440,711","80,174,319","15,070,898"
9322230,"59,871,448","5,610,297","5,433,768","4,487,069"
9771821,"62,507,038","33,392,044","11,760,169","10,185,618"
9775721,"60,798,200","2,125,916","1,325,233","3,908,809"
9957322,"72,028,969","39,312,837","45,986,607","16,228,882"
10381258,"40,652,519","6,722,222","2,413,899","6,432,336"
10748052,"38,355,630","1,792,295","480,975","3,382,648"
10806254,"59,352,474","36,973,595","29,221,895","14,579,809"
10993999,"65,801,353","50,437,454","30,560,339","11,017,597"
11033108,"41,754,913","4,327,038","1,191,533","7,193,418"
11694371,"78,007,487","134,233,052","69,029,192","11,196,966"
11749129,"82,013,249","85,679,729","40,480,359","13,459,916"
11904157,"67,900,150","55,527,540","27,664,397","11,390,979"
11904784,"70,031,205","75,034,769","39,762,712","7,612,123"
11915882,"68,186,700","33,563,842","26,180,384","12,359,267"
12182229,"54,073,289","45,431,206","26,312,065","10,159,317"
12358600,"74,683,849","86,531,612","30,731,909","7,710,796"
12468054,"77,111,478","209,622,138","243,860,947","29,519,088"
12529038,"52,137,522","6,232,788","3,461,932","6,619,188"
12722180,"37,111,486","719,251","227,081","2,051,462"
12954393,"47,591,833","8,231,641","6,824,103","15,475,354"
12971051,"65,211,241","20,501,756","20,418,439","8,866,248"
13344677,"73,076,542","34,409,425","32,079,053","9,502,634"
13346228,"70,158,330","75,306,278","62,310,786","14,005,685"
13365625,"94,790,343","217,143,727","270,466,991","58,713,046"
13780200,"90,019,183","47,854,158","19,227,012","7,854,157"
13816815,"80,079,182","174,864,808","105,710,056","22,979,624"
14020401,"69,193,643","19,106,983","11,836,609","8,250,575"
14138612,"93,966,224","225,830,553","77,955,478","20,587,506"
14739629,"48,582,517","702,766","447,010","982,437"
15038629,"61,455,777","118,996,357","75,462,575","14,947,422"
15186568,"70,004,853","42,594,499","28,903,402","11,125,033"
15570213,"47,183,507","3,191,757","4,163,919","2,210,965"
15689544,"80,710,732","46,460,808","35,696,903","10,181,681"
15888946,"40,099,105","880,432","2,259,447","3,566,523"
16155630,"43,170,805","434,583","560,202","894,568"
16262885,"58,909,799","59,579,994","47,957,260","21,418,062"
16272006,"61,723,655","17,799,165","20,144,444","3,046,050"
16353531,"53,594,334","5,358,318","2,515,920","6,516,276"
16512590,"102,278,767","66,349,793","71,058,606","13,215,689"
16578265,"45,761,453","2,331,951","1,215,279","2,555,821"
16615789,"86,854,026","82,125,668","92,147,224","14,925,901"
16651395,"135,923,314","323,049,287","307,321,332","56,370,602"
16702170,"75,260,440","177,555,373","173,519,966","16,055,554"
16709976,"78,529,944","57,654,540","37,327,384","11,324,951"
16710828,"145,870,216","114,792,586","95,444,564","20,472,325"
16855740,"80,544,563","84,576,519","68,471,438","17,049,553"
16921563,"66,840,073","53,879,054","39,977,801","12,187,118"
17199532,"39,803,688","888,151","902,586","4,563,085"
17256004,"56,915,171","40,695,043","27,077,247","11,849,173"
17494004,"61,574,474","96,139,962","91,193,804","15,707,838"
17502418,"62,403,090","7,011,664","5,350,609","5,088,303"
17617566,"35,854,051","189,644","534,632","2,014,155"
17625084,"61,935,416","37,260,612","29,596,921","10,276,872"
17647992,"40,332,966","8,987,557","1,939,652","6,834,688"
17736681,"94,411,594","141,409,625","105,192,402","15,169,393"
17736708,"110,595,154","60,137,430","52,174,572","21,146,926"
17780812,"82,508,995","41,784,003","36,366,768","9,587,083"
17854556,"75,795,895","55,997,898","47,717,710","7,717,195"
17875970,"78,147,234","101,277,228","76,650,020","11,452,464"
18373505,"46,451,827","50,326,863","43,069,216","9,404,275"
18388428,"72,247,157","75,927,372","91,628,064","15,117,734"
18477710,"67,393,875","46,885,528","21,465,067","9,449,651"
18530882,"50,465,774","3,449,607","1,644,133","1,963,310"
18719718,"39,760,440","1,467,521","103,771","1,245,728"
19004552,"76,603,185","38,512,458","36,372,234","9,895,430"
19036336,"75,983,110","50,205,535","24,298,669","12,972,371"
19626853,"55,244,204","173,500,941","30,266,232","17,083,794"
20619443,"41,305,172","87,921","171,823","1,096,268"
21090207,"56,643,861","84,173,890","29,237,063","12,884,478"
21257492,"45,008,347","1,606,631","371,791","2,168,027"
21464078,"89,989,375","52,429,765","32,389,097","9,004,467"
21494429,"53,311,756","13,512,521","1,227,141","4,927,533"
21998284,"66,656,340","21,305,386","9,477,277","9,039,534"
22020212,"41,981,223","13,580,538","5,841,138","7,409,950"
22505871,"123,881,121","79,090,249","54,780,724","17,988,386"
23025917,"87,099,408","75,371,407","44,783,011","5,431,493"
23458879,"37,560,764","322,273","464,232","437,434"
23896432,"63,023,536","110,237,175","101,766,082","13,208,487"
23909983,"39,173,561","2,834,144","2,294,485","7,949,966"
24241800,"70,553,953","27,141,405","41,780,117","6,894,788"
24302994,"56,085,250","53,768,207","17,654,919","8,528,818"
24425863,"62,349,436","17,623,190","8,112,153","9,123,307"
24554493,"127,915,264","170,722,247","126,439,013","23,208,936"
24834605,"71,620,092","18,089,449","17,255,947","7,731,207"
24899358,"45,930,176","643,822","624,392","644,355"
25023794,"83,423,901","85,164,037","82,677,074","14,389,970"
25182362,"65,752,893","62,730,849","23,763,198","12,332,664"
25255454,"71,991,284","51,601,065","16,902,881","6,272,703"
25456735,"70,673,242","108,549,264","93,605,479","30,610,801"
25758982,"58,418,210","13,376,875","6,695,866","3,564,410"
25782702,"48,354,486","2,739,496","1,210,311","1,276,481"
26254887,"67,298,266","89,390,661","46,043,568","12,782,426"
26291665,"65,196,950","32,523,096","20,694,528","5,758,725"
26717073,"42,219,664","4,778,875","1,512,302","2,302,003"
26877031,"60,164,791","21,998,715","20,099,570","8,054,466"
27082807,"65,956,932","32,168,900","23,354,187","8,439,953"
27400587,"65,461,315","40,672,071","21,180,740","12,218,197"
27512984,"77,552,175","198,213,942","166,616,308","14,426,031"
27737243,"74,971,764","14,134,434","10,425,739","5,766,734"
28012801,"43,766,093","141,742","191,736","1,768,198"
28487786,"73,005,098","87,476,113","74,998,925","15,849,853"
28491704,"45,642,706","338,886","6,940",0
28625692,"57,709,377","41,835,932","22,387,023","6,717,488"
28653501,"43,720,482","7,365,638","1,970,069","2,505,218"
29028720,"51,847,410","6,695,743","3,350,744","5,960,109"
29137686,"53,658,442","12,291,988","4,093,827","6,657,897"
29587991,"58,587,585","26,651,907","15,818,510","6,959,275"
30199415,"63,950,607","50,307,135","15,356,157","10,182,432"
30236269,"80,599,599","35,837,908","23,253,503","7,788,321"
30316476,"57,153,411","26,854,057","9,413,628","5,280,496"
30421620,"70,042,431","20,232,744","22,405,207","6,247,695"
30669129,"88,699,700","128,491,342","80,132,910","12,055,803"
31074420,"55,375,690","14,544,816","7,612,604","5,679,639"
31895462,"63,670,547","49,988,319","36,812,494","16,499,812"
32601257,"57,723,974","12,208,113","13,223,926","5,452,483"
33305369,"69,270,340","53,336,480","42,053,807","7,349,219"
33726432,"91,872,547","87,288,220","60,069,738","12,017,224"
33738298,"60,832,229","4,917,144","3,903,427","6,441,203"
33876264,"79,539,335","29,796,617","29,594,486","11,265,419"
33910779,"76,186,416","34,497,033","25,796,492","6,727,398"
34054731,"67,692,930","33,330,307","39,910,213","7,917,588"
34106908,"46,946,936","695,861","899,934","2,215,055"
34308992,"49,755,615","18,944,534","12,428,457","8,162,949"
34330811,"36,288,683","2,366,263","668,754","1,824,024"
34358347,"67,203,932","6,452,358","2,866,335","4,179,833"
34461486,"99,766,042","94,377,074","128,441,784","16,458,786"
34513418,"62,635,678","43,067,867","37,453,998","8,098,576"
34522175,"80,269,165","62,608,215","69,815,872","13,546,842"
34869648,"62,246,650","5,372,582","4,550,224","3,124,927"
35538798,"79,748,331","61,462,560","46,499,069","10,107,825"
35871683,"58,139,083","82,899,054","45,786,608","9,311,051"
36934149,"57,416,520","14,824,109","8,478,938","11,944,610"
36937734,"33,839,421","244,948","179,889","1,659,970"
37112672,"53,010,462","17,387,495","6,263,784","7,430,902"
37239310,"93,786,505","158,457,826","101,896,785","11,525,156"
37416839,"65,801,943","31,322,131","25,080,915","8,466,101"
37417909,"52,887,368","1,171,505","2,444,970","6,768,394"
37421375,"49,779,964","5,165,781","3,851,306","8,832,623"
37461942,"55,704,934","3,116,379","1,197,370","8,816,788"
37726163,"58,813,214","11,313,376","8,945,831","11,586,871"
37732597,"86,072,503","90,009,925","82,022,611","11,922,683"
37756270,"69,756,313","19,600,593","11,383,026","4,927,314"
37773820,"64,098,398","23,456,765","12,262,319","5,929,151"
38132570,"78,794,258","126,710,196","94,982,278","13,852,227"
38205589,"64,229,579","20,990,398","21,677,101","6,565,095"
38232075,"162,356,615","231,641,728","142,498,996","25,586,289"
38306982,"42,932,564","294,365","260,544","2,088,565"
38415332,"62,083,985","30,200,677","11,834,816","9,817,172"
38505407,"33,930,209","633,992","133,606","1,528,380"
38895906,"54,711,891","26,435,145","6,859,546","7,084,237"
38980106,"69,338,377","85,096,213","46,658,575","10,058,225"
39144620,"72,249,272","79,570,756","61,373,940","11,162,004"
39190271,"62,876,420","9,724,349","4,370,405","3,285,430"
39250773,"72,629,822","65,927,860","61,273,063","10,266,558"
39255673,"71,068,301","46,295,283","40,979,267","13,644,937"
39637709,"70,864,603","50,242,837","32,580,935","6,883,235"
39666473,"40,321,594","3,162,112","1,893,504","5,182,931"
39751049,"34,077,723","5,131,435","1,891,745","5,173,681"
39756277,"112,893,976","103,973,684","172,323,575","11,693,026"
39864322,"59,524,923","39,675,024","34,197,495","12,031,352"
39867788,"73,876,911","50,522,425","34,392,183","12,894,119"
39916504,"79,573,049","87,140,768","47,896,779","13,042,547"
39976329,"45,481,138","14,860,844","2,505,879","4,571,133"
40067979,"50,960,065","3,306,073","1,763,818","5,601,859"
40299040,"56,415,722","75,283,592","17,155,959","8,794,626"
40419140,"46,537,803","11,969,039","2,395,099","4,445,447"
40422484,"35,110,886","4,582,064","964,071","4,358,925"
40823396,"64,480,240","8,900,261","2,973,442","1,192,226"
40940350,"39,411,191","8,581,468","1,917,363","6,456,721"
40988512,"79,857,783","102,242,784","116,554,842","19,787,420"
41086563,"90,598,300","138,582,117","85,915,849","18,930,495"
41583461,"136,239,795","124,528,724","147,258,322","21,740,394"
41779923,"78,198,264","97,588,850","32,529,864","8,592,565"
41804801,"76,201,923","57,279,470","56,569,121","11,881,817"
41812057,"64,378,511","31,418,524","32,138,816","15,421,543"
41867424,"52,386,629","2,878,935","3,148,789","7,922,014"
41906922,"53,965,188","49,242,082","23,841,530","13,169,352"
41925878,"64,323,571","32,809,854","34,193,627","7,329,724"
42331212,"46,076,353","361,472","200,457","812,887"
42510543,"36,172,543","2,243,319","432,026","2,204,051"
42577480,"36,607,181","224,369","35,548","167,770"
42620574,"60,186,701","23,130,013","19,762,214","5,767,618"
43307988,"53,955,139","24,807,591","12,364,382","6,366,264"
43366078,"62,452,724","4,738,401","2,602,340","5,462,480"
43782411,"54,463,344","57,384,944","30,131,269","7,143,840"
43891216,"46,335,342","9,112,036","3,406,123","8,831,628"
43893200,"49,583,857","2,186,239","363,879","3,709,757"
44425203,"71,166,525","45,957,609","25,085,603","6,978,703"
44665294,"45,549,523","10,882,158","5,859,306","7,762,474"
45305382,"41,375,862","759,259","179,612","514,762"
45486740,"49,294,989","9,310,913","2,104,003","5,937,826"
45581601,"66,213,533","32,178,042","24,284,475","10,803,935"
45764094,"85,210,381","27,919,119","18,652,754","6,701,939"
46007608,"53,425,460","14,788,105","4,738,949","6,141,059"
46027099,"51,612,253","15,847,451","4,086,922","8,008,273"
46217069,"40,045,932","3,051,286","569,566","5,836,556"
46576531,"56,817,128","30,672,455","14,056,947","11,481,433"
46587017,"63,417,844","16,370,143","3,441,319","6,569,548"
46678919,"75,775,720","84,819,007","69,286,282","12,373,002"
46858161,"54,112,781","73,777,380","14,671,519","11,123,604"
46972060,"71,997,537","99,029,496","87,163,695","9,301,756"
47106173,"45,840,460","6,538,720","5,122,430","8,524,504"
47159236,"40,494,404","2,463,793","909,395","2,914,054"
47351877,"88,596,989","68,420,891","51,036,553","14,836,545"
47358328,"46,711,099","2,810,059","446,180","4,856,947"
47427099,"35,542,459","5,587,679","1,200,255","3,013,708"
47474675,"38,892,858","20,810,914","5,718,267","9,177,310"
47647863,"45,012,617","7,204,698","1,871,933","4,259,976"
48281776,"89,686,146","48,490,291","27,436,318","7,003,036"
48439949,"42,042,650","2,685,051","1,355,745","1,994,832"
48448912,"88,043,385","150,514,981","91,589,830","12,915,207"
48450829,"77,237,240","141,467,974","100,292,719","13,475,966"
48452348,"45,207,579","10,255,379","2,443,962","5,925,095"
48517595,"59,712,395","39,022,279","13,812,476","8,002,000"
48649473,"35,443,765","1,600,763","781,791","3,087,355"
49219204,"59,089,241","7,516,221","5,729,728","7,578,689"
49233516,"61,980,961","18,745,725","7,857,478","9,189,924"
49238719,"39,176,005","3,834,904","681,873","661,322"
49368992,"36,360,368","1,988,865","964,847","3,405,837"
49691603,"36,394,623","1,882,880","644,383","5,203,149"
49911535,"82,621,174","91,823,347","79,528,896","10,460,793"
50114134,"80,423,315","95,543,357","47,733,081","8,149,541"
50379414,"54,975,742","5,304,468","3,098,501","3,003,619"
50391363,"44,454,748","7,417,238","1,000,863","4,088,350"
50395565,"35,521,886","669,062","215,420","2,087,137"
50411574,"59,818,720","54,519,339","26,347,821","11,905,920"
50574663,"68,483,790","53,617,588","49,346,771","11,850,623"
50587053,"66,791,963","14,250,283","8,950,905","7,652,669"
50653451,"76,482,117","71,618,196","36,359,720","8,245,824"
51061315,"72,591,585","29,844,365","12,424,679","8,017,672"
51123221,"37,769,000","9,792,858","2,009,041","6,747,717"
51380796,"72,597,398","24,438,721","9,220,221","4,349,643"
51632421,"68,356,099","35,554,956","34,517,980","9,805,950"
51651109,"68,806,490","20,679,481","11,808,186","7,286,412"
51669742,"45,491,025","3,766,651","1,366,565","5,468,997"
52130105,"66,337,152","46,095,338","12,394,569","9,044,809"
52375803,"63,158,431","49,699,820","39,029,766","9,671,329"
52435883,"60,597,310","14,369,723","8,412,683","7,132,168"
52618268,"79,742,700","98,137,798","61,692,076","14,456,746"
52619890,"87,733,480","191,787,227","118,931,250","13,464,838"
52663991,"82,854,698","57,463,188","26,728,426","5,323,011"
52667606,"70,633,380","59,274,402","34,804,242","5,855,387"
52667612,"76,130,967","53,745,719","43,229,996","13,606,228"
52710496,"46,403,277","14,678,461","3,251,694","2,823,769"
53278790,"35,735,516","1,602,476","11,631","3,364,961"
53317858,"82,879,554","36,886,452","31,331,820","10,677,711"
53336309,"39,526,750","10,302,034","4,503,191","4,355,350"
53353057,"54,654,489","80,439,682","51,235,066","8,197,692"
53399282,"36,539,865","6,377,799","1,439,050","4,053,819"
53410809,"39,414,705","160,946","185,591","2,216,895"
53459290,"80,433,964","72,994,143","52,225,088","9,094,034"
53474171,"67,643,635","34,791,810","20,947,585","8,466,504"
53518875,"67,382,754","29,128,167","14,569,446","3,562,728"
53565432,"71,885,104","58,338,042","41,147,161","8,152,997"
53572619,"54,895,595","32,795,581","24,348,844","12,400,870"
53639563,"55,195,147","17,508,632","12,743,349","9,535,334"
53653040,"43,881,670","2,405,442","82,406","942,726"
53680216,"34,411,464","913,419","404,747","975,093"
53702653,"66,195,769","50,181,218","28,379,950","6,858,452"
53720198,"88,666,233","71,285,945","47,351,739","5,763,275"
53803289,"47,586,840","3,861,308","1,788,273","5,221,550"
53938211,"47,423,308","6,081,667","2,254,143","1,623,047"
54234687,"40,774,871","1,501,635","1,136,736","2,694,728"
54237350,"80,644,145","98,841,535","87,998,213","12,693,810"
54444073,"77,531,527","167,470,662","97,161,085","14,973,669"
54486300,"202,633,354","259,139,959","213,426,318","37,026,726"
54530345,"70,142,760","118,750,764","50,839,276","8,077,845"
54622801,"45,845,822","8,318,662","3,051,465","5,661,853"
54760260,"33,933,701","1,721,668","506,614","883,783"
54768769,"38,802,069","8,878,245","1,787,328","4,102,181"
55094256,"48,330,395","16,263,498","5,120,372","6,433,886"
55565597,"48,679,279","4,176,147","1,912,409","4,014,189"
55567655,"67,112,242","7,658,041","5,520,680","3,715,660"
55587705,"48,965,798","8,003,829","3,187,847","5,860,240"
55784967,"60,026,329","19,471,551","13,967,255","8,059,915"
55851284,"73,153,404","49,487,547","37,851,066","8,439,829"
55874646,"68,264,044","67,213,655","48,839,150","14,565,592"
55884065,"37,393,359","14,517,858","3,853,783","4,788,350"
55889857,"35,337,986","31,673","315,355","777,586"
56084361,"66,322,396","13,901,071","4,229,200","3,253,492"
56102687,"53,604,818","29,539,388","18,579,570","13,278,495"
56223472,"46,475,532","41,860,471","27,641,658","12,041,955"
56267611,"55,227,132","13,353,814","8,161,380","6,002,225"
56316995,"57,471,615","34,869,666","26,602,571","6,076,648"
56418324,"60,300,406","37,481,647","19,409,782","7,244,274"
56567751,"45,100,083","3,031,504","2,278,950","3,649,008"
56668188,"34,932,276","16,778,073","1,440,541","3,816,780"
56865654,"65,956,458","18,726,988","10,384,166","5,614,203"
56911574,"42,362,637","13,467,820","4,267,798","7,011,876"
57008215,"41,988,985","4,318,754","2,071,627","2,398,889"
57141256,"75,204,420","58,180,000","81,935,134","9,746,455"
57403982,"51,118,290","3,006,172","2,569,102","4,171,857"
57418518,"64,714,941","13,391,381","6,449,618","6,398,446"
57442278,"76,736,807","45,400,955","53,463,305","4,828,244"
57769868,"44,050,864","584,077","451,249","6,168,243"
57851525,"55,995,504","15,674,703","10,839,585","7,908,436"
57860847,"44,950,530","5,258,334","1,806,674","7,496,793"
57922872,"71,605,503","21,584,759","6,959,675","7,663,171"
58025104,"47,344,143","59,691","75,907","390,017"
58053708,"39,114,313","2,032,331","215,766","3,159,225"
58285532,"58,400,167","10,195,350","6,235,177","5,401,056"
58413032,"57,734,275","17,228,606","12,206,417","8,741,767"
58615587,"64,274,857","20,384,705","11,565,398","4,408,416"
58698652,"44,787,885","8,542,035","3,190,977","2,732,667"
58750588,"80,692,116","108,548,482","123,738,878","11,320,649"
58752006,"57,555,835","27,615,241","10,837,056","5,616,676"
58883891,"116,371,861","437,538,121","437,154,459","40,187,089"
58920386,"40,567,443","2,363,283","1,124,416","1,952,095"
58993326,"42,461,707","4,110,828","3,924,722","3,926,887"
59010105,"76,234,610","68,558,295","48,909,261","7,937,379"
59102519,"69,646,159","11,999,691","8,711,441","4,616,691"
59151829,"64,755,696","19,909,465","8,880,344","6,482,018"
59171934,"76,883,065","42,602,948","36,897,910","4,733,814"
59319658,"65,423,503","42,776,499","37,223,913","5,681,613"
59331015,"80,328,380","46,903,297","39,085,900","6,276,523"
59335464,"104,599,064","98,342,860","118,208,590","14,844,712"
59431571,"58,736,591","40,387,648","22,712,564","5,570,748"
59719216,"69,071,820","47,182,702","46,839,296","8,696,096"
59797086,"77,938,201","62,813,791","73,860,078","7,108,492"
59951634,"39,981,126","5,636,140","550,832","2,215,418"
60134257,"48,072,023","30,325,672","6,865,307","4,068,418"
60141103,"38,073,511","13,358,074","4,067,994","5,046,018"
60237106,"62,739,777","59,895,343","17,849,706","9,194,462"
60296881,"73,386,383","22,520,099","14,263,958","6,051,695"
60297432,"55,490,849","3,324,025","1,966,792","4,561,757"
60303728,"36,899,264","1,540,016","304,615","714,712"
60304697,"40,140,934","1,779,443","1,387,789","4,785,472"
60506152,"68,209,907","24,746,031","41,564,081","10,401,844"
60665838,"38,665,605","32,077","61,285","594,353"
60731879,"68,761,915","74,230,725","55,381,924","14,069,450"
60732523,"91,749,540","104,132,103","93,680,662","20,919,831"
60891605,"56,707,819","12,988,214","2,090,558","2,793,282"
60954941,"72,007,851","63,701,439","20,436,818","7,607,295"
60959676,"58,008,771","19,265,876","11,282,821","6,338,589"
61069638,"67,228,001","6,357,754","5,341,515","5,029,956"
61086085,"46,679,671","7,199,449","3,878,685","3,204,350"
61178797,"53,311,914","10,653,784","1,887,095","3,008,624"
61460506,"41,224,423","4,871,335","880,811","6,889,196"
61498739,"60,564,195","4,932,396","6,861,092","3,730,007"
61647508,"36,465,663","2,393,784","1,302,597","2,320,992"
61834122,"61,744,236","19,991,334","10,737,376","4,854,991"
61847388,"78,930,609","59,329,961","37,056,634","12,963,602"
61920121,"37,895,419","2,468,849","1,235,629","3,771,541"
61944693,"66,736,832","34,283,095","34,101,593","6,937,506"
61983631,"38,168,935","3,082,869","896,495","2,716,935"
62017843,"52,595,746","5,437,454","3,457,129","1,674,774"
62017877,"50,053,005","10,200,415","5,343,696","2,894,954"
62074305,"58,561,231","16,934,622","5,275,552","4,181,451"
62080073,"77,174,654","82,825,981","68,598,422","8,802,482"
62104788,"67,101,043","34,899,019","24,539,868","8,530,998"
62166694,"56,374,075","14,145,706","10,048,635","5,128,682"
62189019,"69,506,867","28,982,156","14,845,122","8,585,658"
62241563,"45,370,819","9,017,731","2,676,161","7,678,902"
62291499,"38,675,859","9,720,550","3,054,022","3,149,839"
62326004,"70,283,611","15,736,096","12,008,660","5,455,478"
62399044,"63,823,333","37,367,637","26,467,465","8,944,044"
62399898,"92,976,889","69,784,738","39,230,658","10,022,297"
62548111,"65,786,235","23,288,933","7,639,159","4,133,359"
62608636,"64,868,417","14,250,952","13,231,527","8,661,790"
62608777,"57,309,179","22,240,976","16,982,929","7,003,341"
62660905,"54,430,608","25,664,724","6,906,721","7,487,871"
62679050,"46,055,143","43,389,948","17,558,390","6,928,793"
62687626,"51,026,965","10,025,619","8,166,832","9,022,264"
62690250,"39,965,350","3,321,971","663,913","3,191,409"
62720594,"64,723,822","21,588,913","21,418,773","10,122,593"
62739007,"91,051,817","291,834,726","161,866,736","19,916,043"
62756828,"43,878,013","9,417,384","3,093,905","2,086,248"
62763532,"60,265,727","3,989,516","886,983","946,820"
62853017,"77,915,308","14,353,347","11,947,085","4,228,384"
62903562,"57,631,794","1,488,061","312,479","3,034,732"
62935309,"75,344,678","27,797,883","23,676,888","7,395,118"
63013160,"66,636,270","26,982,369","14,950,355","8,093,741"
63082694,"48,186,446","4,969,981","1,995,951","3,707,625"
63115280,"51,020,334","5,264,829","1,230,961","4,344,795"
63119959,"94,916,875","76,865,452","84,049,271","14,644,821"
63122485,"57,412,086","9,372,756","6,781,193","8,528,536"
63179189,"61,758,878","19,892,611","14,147,313","11,227,631"
63286295,"55,679,775","14,821,819","3,419,803","7,487,207"
63312297,"36,766,271","8,171,535","1,988,556","3,926,942"
63453000,"72,277,082","31,319,177","23,835,294","6,986,058"
63469420,"56,162,298","10,770,475","8,792,150","4,707,066"
63478483,"49,017,954","4,094,825","2,978,331","2,319,540"
63480706,"61,718,996","41,173,614","18,020,855","7,863,538"
63495936,"58,616,831","20,832,842","15,483,416","8,022,455"
63498244,"36,120,194","691,184","110,539","2,114,934"
63503947,"83,968,248","42,123,221","50,172,143","6,230,330"
63559810,"59,742,791","13,306,444","10,208,050","8,929,925"
63572648,"60,252,973","6,483,119","4,304,782","2,741,553"
63573884,"61,248,759","14,016,177","15,548,058","4,774,349"
63575767,"54,257,552","6,572,759","4,147,194","3,989,707"
63579047,"35,025,579","748,011","100,260","1,438,600"
63588150,"39,323,389","2,236,148","3,589,386","6,316,183"
63595204,"63,474,883","19,697,518","22,941,877","6,768,711"
63598668,"97,497,480","145,443,176","158,407,357","10,609,874"
63601569,"69,450,574","11,082,280","11,585,051","5,746,748"
63636671,"46,603,081","2,558,481","575,085","947,715"
63640955,"50,966,635","12,215,168","4,981,964","8,046,697"
63706408,"37,266,548","369,912","361,835","1,544,421"
63720400,"74,755,020","13,009,734","11,342,102","5,838,517"
63733625,"72,207,307","14,821,658","13,868,999","6,260,872"
63737713,"75,917,010","35,159,375","31,506,240","7,215,355"
63751320,"58,887,509","41,386,718","19,853,553","10,012,130"
63774991,"90,374,471","83,748,962","71,491,376","13,927,237"
63790695,"61,080,609","2,628,216","1,278,443","3,659,435"
63795191,"59,034,109","5,763,357","2,225,387","801,857"
63811771,"61,425,303","46,030,469","5,361,318","6,597,751"
63817062,"42,883,975","924,648","835,307","3,740,773"
63858590,"61,598,289","25,213,428","12,437,268","5,353,288"
63871718,"60,953,043","9,395,216","9,760,747","5,969,866"
63894724,"60,897,649","11,124,798","4,161,091","2,354,650"
63897345,"69,325,937","29,213,054","24,643,691","7,397,059"
63900101,"57,589,761","17,430,423","6,147,093","3,663,622"
63951987,"62,024,781","14,630,904","9,650,541","9,375,885"
63955350,"62,538,189","121,044,009","97,628,041","17,335,537"
63968661,"74,166,652","24,824,150","26,560,007","9,314,589"
64012139,"46,656,224","6,320,040","4,754,130","2,642,372"
64016617,"45,470,743","2,935,897","692,521","2,864,451"
64022108,"47,375,090","8,807,129","3,164,722","6,018,582"
64023189,"69,840,000","9,823,073","7,689,070","3,030,447"
64044209,"102,098,366","63,276,455","42,733,795","9,014,188"
64094649,"69,396,160","12,861,090","4,869,795","4,076,552"
64115009,"76,813,099","239,132,868","142,003,236","15,343,968"
64197391,"34,879,256","22,917,563","1,321,328","1,571,581"
64209971,"60,945,590","19,971,895","17,166,898","6,580,571"
64237899,"94,184,514","114,906,268","147,905,162","12,663,949"
64252232,"35,812,952","42,312","6,928","205,982"
64306210,"81,381,663","26,103,199","15,167,481","5,856,162"
64309507,"79,142,764","54,403,406","30,141,310","9,110,969"
64319584,"39,897,420","5,115,541","683,904","3,265,390"
64348622,"62,815,146","19,071,373","14,141,833","5,142,755"
64523729,"68,399,167","17,738,341","12,198,326","5,927,471"
64525422,"70,139,131","48,252,859","50,485,187","5,812,068"
64576781,"40,108,818","8,610",239,0
64704424,"35,619,621","5,503,886","1,866,661","4,959,890"
64772243,"59,927,624","25,897,338","11,851,920","3,640,464"
64905605,"57,448,373","7,506,659","3,669,083","6,244,177"
65163560,"36,067,068","230,787","423,431","1,263,140"
65232436,"69,051,724","61,710,078","21,369,879","5,706,857"
65341418,"33,727,731","1,692,688","136,367","2,687,385"
65429385,"63,828,012","7,488,592","4,975,338","1,725,132"
65451323,"75,022,846","31,253,916","19,648,230","7,024,014"
65484538,"67,027,377","116,321,317","36,893,177","6,667,829"
65527076,"80,040,106","29,827,223","39,371,499","9,269,939"
65587633,"64,568,588","26,109,678","15,216,711","8,394,856"
65644357,"47,750,056","557,447","10,662","134,542"
65750039,"65,011,535","16,571,422","4,553,321","2,852,011"
65787040,"70,092,451","94,175,128","54,755,504","8,267,473"
65946131,"35,512,242","908,806","432,193","96,829"
66006431,"50,709,974","604,645","359,641","850,023"
66284657,"45,547,396","6,503,367","3,116,218","4,092,731"
66327642,"39,791,237","8,544,864","2,202,159","2,902,139"
66371997,"96,325,630","192,871,344","144,325,155","14,236,191"
66408786,"39,379,356","4,192,416","2,627,651","4,427,646"
66424168,"41,798,777","3,448,487","11,448","617,959"
66466622,"66,160,301","27,056,109","19,880,649","8,053,722"
66504517,"38,334,296","12,990","41,180","100,753"
66506925,"37,029,653","14,059","13,524",0
66765325,"38,847,761","9,687,725","2,214,882","3,448,350"
66817290,"65,113,013","9,134,888","5,728,045","3,979,417"
66903322,"33,722,434","1,231,761",0,"794,870"
66903398,"42,798,690","6,610,915","2,158,640","2,714,194"
67058811,"65,068,093","23,376,209","15,196,406","4,305,916"
67116818,"58,753,052","12,599,405","3,612,112","3,848,595"
67130734,"53,356,759","7,166,669","3,592,995","4,023,962"
67137328,"63,713,704","45,864,615","36,830,895","9,198,125"
67145172,"71,169,453","20,000,273","18,209,579","4,960,652"
67147404,"63,252,230","14,052,183","9,280,922","6,742,973"
67169100,"52,883,586","7,056,304","3,265,071","4,812,600"
67174967,"64,907,332","30,881,736","34,833,159","8,490,345"
67180833,"45,016,028","12,292,020","7,251,974","2,540,932"
67184899,"66,851,627","29,652,638","20,302,490","5,006,689"
67202956,"69,093,307","31,014,658","27,479,984","5,601,567"
67548799,"55,222,229","2,316,079","1,684,627","2,391,861"
67663968,"58,583,560","2,515,953","1,740,046","3,733,077"
67999885,"71,274,078","68,235,287","40,346,436","8,336,672"
68007996,"34,956,056","7,842,956","837,480","1,985,549"
68085808,"55,684,024","18,465,681","18,459,390","8,219,841"
68390276,"45,137,652","19,413,281","5,027,762","6,693,924"
68399761,"46,588,301","6,273,058","3,767,214","4,643,584"
68560136,"47,293,335","7,230,763","5,595,558","4,113,460"
68578696,"45,401,258","2,122,807","798,022","1,136,747"
68605432,"44,932,950","14,507,692","4,582,557","6,153,762"
68627238,"60,349,333","7,601,290","3,798,214","5,399,292"
68635481,"36,196,068","9,054,747","1,830,319","3,425,740"
68675742,"54,485,268","17,184,972","7,122,296","6,195,946"
68680227,"57,116,808","14,260,135","4,456,761","3,710,156"
68809724,"48,278,076","3,078,318","459,833","3,837,740"
68860613,"97,453,841","37,021,947","44,652,841","7,512,144"
68974728,"64,432,944","46,781,144","38,213,578","5,920,059"
68988095,"35,345,857","262,936","25,210","65,577"
69090210,"41,404,787","9,351,154","3,278,913","5,124,306"
69114506,"67,921,061","42,601,384","28,054,701","4,263,031"
69199791,"68,125,014","7,493,679","8,372,016","2,167,210"
69220396,"43,993,812","5,244,941","411,535","2,899,961"
69366835,"71,532,101","29,399,010","30,715,139","7,019,296"
69521696,"41,450,469","2,617,011","718,421","992,888"
69541181,"59,343,332","54,409,863","30,647,005","11,911,893"
69545360,"77,892,415","20,686,328","17,107,934","3,197,847"
69765624,"55,684,131","4,002,126","3,123,643","1,445,478"
69765691,"65,601,165","6,026,337","4,536,727","1,949,052"
69851361,"56,662,624","24,047,787","22,822,603","6,390,669"
69894487,"50,303,849","4,808,959","1,291,368","2,533,853"
69915557,"57,780,558","33,452,159","29,628,691","9,157,727"
69939206,"48,968,520","2,683,607","549,163","3,238,308"
69967186,"34,347,478","46,421,452","15,548,310","3,728,307"
70125233,"62,707,713","23,488,352","20,788,883","6,037,614"
70132784,"39,966,179","10,507,405","2,957,098","4,259,692"
70189040,"46,413,353","3,159,359","2,324,063","1,880,639"
70209602,"59,469,298","20,458,092","23,767,433","6,310,420"
70535291,"64,131,895","20,655,391","7,968,301","5,056,478"
70764354,"33,863,001","1,475,943","633,707","1,907,937"
70769480,"43,614,241","68,445","112,336","2,281,629"
70776824,"39,517,639","192,942","117,936","1,107,362"
70857667,"82,733,353","25,697,473","28,826,927","7,562,920"
70923455,"43,014,509","433,558","433,290","3,514,572"
71028257,"39,371,137","7,754,681","4,139,262","4,770,203"
71064808,"44,005,407","13,820,537","5,147,278","3,238,470"
71145699,"42,789,235","3,349,480","457,430","1,782,820"
71224394,"52,419,424","1,361,636","284,985","120,916"
71268595,"55,520,329","5,137,555","5,268,774","4,437,731"
71286696,"39,749,841","4,874,913","529,943","2,620,161"
71361379,"38,100,109","206,516","192,555","2,601,556"
71366499,"39,510,375","1,499,948","881,702","2,491,871"
71733867,"73,654,289","83,996,221","36,210,647","7,202,280"
71910195,"54,301,627","7,986,055","3,953,828","3,400,748"
72197579,"43,265,928","2,522,118","256,011","929,451"
72206420,"35,708,597","2,946,012","426,500","1,545,093"
72323178,"45,999,672","1,005,168","788,504","4,747,074"
72628943,"38,576,618","1,349,192","162,057","1,469,427"
72826771,"34,048,567","2,076",393,0
72969016,"55,362,047","19,004,959","14,852,903","4,337,361"
73393192,"46,553,134","6,002,468","2,270,577","5,276,676"
73399169,"37,096,026","9,263,569","3,282,024","1,560,953"
73551691,"77,639,353","71,231,952","75,211,226","8,641,967"
73670637,"48,416,664","10,339,419","1,506,006","2,273,550"
73802284,"62,560,170","7,916,831","6,616,455","2,816,971"
73854941,"65,148,626","19,591,374","27,572,568","8,192,557"
73870935,"97,145,191","45,830,035","37,103,507","4,756,078"
73884186,"38,521,580","1,582,029","235,652","1,905,252"
73901502,"80,015,501","24,326,071","17,588,230","7,661,708"
73915182,"46,017,477","9,934,297","2,968,631","4,167,716"
73925214,"71,764,965","15,856,254","11,300,588","4,723,193"
73936439,"73,805,236","14,298,980","7,467,603","4,688,045"
73951651,"37,307,797","494,846","4,274","303,448"
74017720,"42,319,977","4,477,578","745,302","3,656,440"
74240206,"48,086,485","6,034,827","3,119,916","3,659,196"
74264682,"52,923,765","5,508,346","3,053,176","3,684,979"
74348160,"49,790,465","36,223,628","25,103,480","6,945,552"
74357168,"45,600,113","5,645,163","1,269,068","1,702,308"
75075936,"55,019,449","19,506,773","2,482,011","4,703,894"
75084130,"76,272,152","28,185,290","20,393,394","6,109,772"
75103607,"41,870,900","2,743,844","1,555,648","8,404,653"
75126260,"54,708,966","16,273,536","15,970,640","6,536,389"
75144155,"54,184,150","41,556,735","18,818,033","10,123,682"
75209116,"44,451,949","9,431,551","1,126,889","2,416,227"
75341283,"41,602,790","1,887,653","1,137,880","1,805,942"
75343593,"42,131,383","9,031,441","1,570,620","3,579,647"
75378356,"33,741,152","2,668,714","60,497","2,003,542"
75397619,"69,971,726","42,774,367","39,596,359","8,458,476"
75398017,"71,414,532","21,936,085","36,627,125","5,807,194"
75414167,"35,191,175","1,765,794","362,802","2,501,861"
75418339,"40,536,966","404,769","328,559","3,096,464"
75567523,"65,774,774","35,239,299","20,219,324","5,329,746"
75577618,"45,938,924","4,272,094","1,040,655","2,516,334"
75648185,"119,411,369","69,393,956","53,336,894","8,922,215"
75712086,"51,140,502","8,927,073","2,175,502","4,984,658"
75767119,"65,261,625","25,172,843","5,874,140","3,480,070"
75888646,"65,075,591","51,596,927","40,297,059","6,555,930"
75970721,"38,298,359","8,049,573","4,329,941","4,191,374"
76025975,"55,512,275","14,302,353","3,766,706","1,486,143"
76050609,"47,144,076","16,097,764","2,565,087","1,669,804"
76058615,"41,471,853","7,203,087","2,653,919","8,366,544"
76112824,"55,542,517","8,571,785","6,595,585","4,601,285"
76122309,"71,755,583","36,666,347","67,717,999","7,479,090"
76153330,"43,943,064","6,619,918","3,297,431","4,391,184"
76158410,"66,223,017","14,472,061","12,127,564","4,278,632"
76180743,"59,137,510","21,830,791","18,607,738","7,188,399"
76195639,"66,435,895","41,964,383","25,427,410","6,105,157"
76216620,"57,621,683","48,293,783","46,270,159","8,491,992"
76218406,"56,984,688","23,355,737","9,628,169","10,727,138"
76218861,"73,670,132","57,157,435","9,963,273","4,073,264"
76274398,"40,344,620","868,649","1,226,755","1,441,844"
76297693,"63,413,441","26,410,275","14,253,066","6,009,620"
76319094,"42,524,782","719,325","132,805","707,958"
76585321,"41,247,486","1,540,374","525,147","943,501"
76603428,"41,768,875","7,085,756","2,883,003","2,649,910"
76624940,"43,532,059","445,589","43,496","804,765"
76851235,"68,526,526","24,031,120","22,416,035","7,904,569"
76869735,"70,080,470","36,372,736","18,803,153","5,386,020"
76962047,"43,070,977","1,383,801","689,697","1,881,513"
77024838,"58,567,519","9,569,432","3,649,644","4,750,993"
77266140,"34,839,961","3,418,401","577,184","4,438,745"
77427239,"47,256,026","1,835,509","296,618","4,413,900"
77544243,"59,967,051","5,760,431","2,899,814","3,648,807"
77645158,"38,802,485","1,396,119","5,890","595,990"
77711460,"48,885,822","1,499,203","1,562,874","3,094,770"
77732777,"49,081,841","21,256,713","15,227,476","9,607,137"
77797583,"74,999,965","55,022,886","34,460,537","7,375,469"
77967742,"99,973,954","98,555,018","85,475,925","8,636,552"
78024889,"60,965,791","18,039,812","22,612,253","4,441,799"
78025780,"44,760,075","1,036,662","989,403","1,761,154"
78103591,"60,946,013","24,176,946","20,726,943","6,053,475"
78339074,"38,130,317","2,051,021","1,085,654","3,855,928"
78449628,"44,600,003","1,576,187","1,247,676","712,293"
78483355,"72,416,607","83,595,783","24,366,359","7,309,458"
78596983,"41,093,838","13,409",0,"75,953"
78599363,"41,143,845","8,149,801","1,766,123","1,360,969"
78755061,"57,651,713","11,714,726","13,955,047","6,615,977"
78804129,"55,770,657","9,712,774","9,748,319","4,860,928"
78823033,"59,225,970","9,574,804","5,858,598","2,870,753"
78939625,"50,763,494","1,085,919","601,450","1,262,872"
78953745,"44,116,856","173,058","461,840","5,146,088"
79083099,"57,847,979","11,849,133","8,705,645","4,715,494"
79108940,"40,531,079","15,709,656","8,852,603","4,903,617"
79259722,"66,274,570","31,885,630","22,377,621","4,827,993"
79327227,"86,029,811","40,418,664","42,638,895","6,411,219"
79394174,"47,367,670","3,961,198","599,656","4,618,533"
79444007,"60,060,920","5,873,705","2,334,558","1,960,796"
79498103,"40,518,847","18,201,185","6,220,580","2,333,737"
79501739,"59,996,661","17,471,833","14,833,629","3,674,510"
79507632,"66,984,387","22,206,105","27,287,624","7,294,570"
79538130,"68,554,634","19,610,170","10,819,247","3,650,646"
79756107,"59,795,211","6,588,278","6,469,561","2,081,359"
79819283,"52,992,647","8,425,794","4,187,710","3,696,257"
79847940,"45,526,265","14,681,935","8,027,384","3,501,027"
79984177,"43,538,021","2,337,891","1,596,577","1,540,113"
80056338,"59,771,901","40,196,091","23,661,291","4,460,305"
80205621,"48,387,552","4,565,716","3,323,827","3,325,181"
80207342,"53,199,376","16,283,957","7,874,631","4,437,995"
80223445,"39,971,070","17,610,220","5,734,403","4,208,296"
80244425,"51,915,519","3,098,843","1,353,780","960,394"
80252834,"35,913,418","7,614,697","1,964,148","2,108,895"
80257931,"51,837,133","340,265","92,170","26,108"
80264477,"53,682,739","6,768,257","4,733,697","4,458,708"
80264878,"34,567,660","17,052,208","9,774,921","6,402,956"
80277767,"54,550,948","13,708,987","10,046,747","4,814,468"
80347091,"38,525,424","8,737,655","3,110,533","7,725,093"
80394569,"66,630,763","25,443,132","14,915,123","5,971,429"
80434403,"38,564,374","551,957","72,933","591,114"
80449273,"62,649,744","29,560,497","16,305,856","7,023,315"
80559025,"47,062,095","4,598,334","3,464,074","2,801,988"
80565868,"39,160,404","248,602","455,573","548,711"
80584926,"80,181,984","52,787,617","25,092,508","6,491,155"
80589721,"34,523,044","270,811","191,569","2,289,266"
80604779,"46,802,895","789,968","738,807","783,491"
80611525,"36,766,971","125,566","17,410","468,046"
80644934,"51,285,291","4,415,742","897,235","1,838,584"
80675462,"62,012,354","20,373,380","18,996,448","8,927,550"
80727532,"55,714,461","8,356,646","4,361,124","3,872,014"
80735764,"67,267,000","23,255,677","15,752,705","4,886,053"
80741243,"42,867,909","1,309,597","788,726","494,078"
80799822,"47,312,437","3,892,631","3,563,482","1,765,926"
80819904,"61,011,336","6,545,715","8,378,477","2,061,628"
80854125,"41,690,326","230,824","131,034","352,697"
80858495,"41,498,346","3,310,575","507,826","5,278,598"
80873808,"39,872,551","571,624","519,578","1,077,042"
80959999,"34,846,918","403,623","415,079","857,154"
81359161,"36,952,576","374,312","54,287","348,198"
81517208,"41,164,658","1,054,405","24,577","812,726"
81554262,"35,062,366","2,494,828","426,634","6,247,986"
81742039,"77,647,763","25,063,905","20,753,460","3,732,068"
81744680,"67,328,942","14,939,740","7,028,646","4,080,609"
81750678,"59,759,789","25,448,194","13,258,086","6,684,983"
81891512,"40,462,061","3,462,509","969,625","6,076,582"
81966438,"65,005,794","65,763,321","41,641,072","7,084,434"
82031052,"40,761,974","4,828,158","7,261,701","3,909,599"
82099218,"35,865,727","127,326","90,935","1,578,460"
82284361,"44,149,766","1,287,349","1,096,584","588,332"
82308267,"57,054,508","8,379,572","11,812,711","4,485,615"
82582496,"42,696,025","1,401,077","368,475","3,874,688"
83201249,"60,881,205","12,007,853","8,232,045","2,988,281"
83252785,"40,841,862","8,564,783","3,773,827","5,865,137"
83267807,"45,927,493","17,797,103","7,913,551","4,967,934"
83301961,"36,111,462","773,814","387,448","688,362"
83303668,"45,129,695","5,393,406","3,103,315","1,479,081"
83318918,"59,107,309","3,173,570","1,969,284","792,893"
83366821,"51,310,827","5,045,323","5,054,925","3,902,339"
83519219,"76,929,028","53,380,228","36,965,736","9,107,898"
83552022,"42,176,117","3,797,812","497,013","4,634,342"
83556524,"59,347,233","4,424,989","3,431,759","2,612,030"
83563824,"55,617,301","9,368,553","1,924,883","1,261,910"
83566332,"44,072,068","11,432,795","5,344,608","4,156,226"
83571282,"64,571,339","10,721,962","9,752,298","4,939,245"
83594081,"36,796,333","3,392,914","3,330,699","6,589,248"
83619899,"68,219,894","22,162,528","15,587,900","2,912,665"
83622490,"34,785,641","5,225,714","1,292,691","2,895,833"
83714282,"68,953,762","6,637,860","5,695,583","2,242,490"
83760283,"47,314,711","4,009,703","412,136","1,070,207"
83956095,"56,087,721","24,804,248","28,725,587","5,307,932"
84061546,"41,232,118","1,263,264","589,454","2,857,787"
84087218,"45,745,877","4,304,639","1,876,669","910,622"
84118914,"39,341,494","2,992,734","1,838,627","5,604,251"
84320614,"61,834,055","24,285,222","20,348,686","5,480,823"
84457284,"55,953,644","2,729,876","1,580,153","2,779,621"
84465615,"39,178,665","1,847,789","469,698","1,563,559"
84468452,"55,686,485","7,619,892","2,100,870","3,282,080"
84468847,"60,797,345","10,063,063","2,850,749","1,590,134"
84489261,"48,323,203","1,111,706","429,532","1,942,137"
84496079,"37,837,088","522,348","216,977","1,685,136"
84500039,"40,512,217","1,570,050","916,384","1,763,208"
84507550,"51,780,920","13,753,602","1,812,284","3,263,811"
84581124,"51,427,134","3,531,616","1,544,438","2,300,058"
84623577,"53,860,841","10,552,694","5,701,152","2,295,585"
84652781,"63,673,707","6,132,822","1,977,576","2,233,640"
84810550,"78,832,583","70,551,165","25,590,287","13,877,704"
84895741,"41,197,004","12,830,481","1,565,175","2,046,268"
84981994,"50,176,268","3,309,354","491,047","1,127,198"
84998606,"40,176,038","3,725,719","2,488,575","4,938,913"
85246553,"48,382,850","2,657,664","509,390","2,005,040"
85448673,"53,397,185","2,962,054","2,063,135","1,184,674"
85506145,"57,102,937","1,291,128","798,139","837,047"
85689750,"64,874,818","229,741,371","113,196,827","20,968,549"
85753243,"63,746,862","35,924,105","34,295,009","6,369,319"
85825206,"66,622,483","64,874,653","35,735,117","10,110,052"
85852985,"43,493,141","5,627,122","3,147,728","2,346,660"
85918614,"63,551,962","8,743,394","4,543,813","2,900,204"
85942663,"39,654,212","1,406,754","623,584","2,248,480"
86002978,"51,648,990","7,072,938","4,161,679","1,723,732"
86108244,"60,415,797","9,778,517","5,512,810","4,030,614"
86570708,"45,716,083","1,098,945","291,085","432,243"
86883323,"39,207,780","2,750,962","1,899,249","8,171,685"
87107664,"34,327,441","924,365","367,062","1,253,816"
87289463,"45,792,637","2,411,002","666,690","491,457"
87376450,"44,136,766","6,321,580","805,691","1,950,436"
87401011,"38,057,521","687,019","393,457","184,936"
87426831,"47,724,752","13,343,928","12,803,109","6,360,728"
87484587,"56,941,608","22,576,790","13,272,644","6,209,689"
87771643,"39,765,776","3,450,997","1,671,932","3,539,279"
87981918,"40,477,036","9,190,545","6,765,353","5,212,182"
87989436,"49,652,139","2,999,565","1,444,298","2,317,878"
88010657,"49,143,817","9,835,819","192,075","2,622,945"
88318874,"35,198,445","1,631,382","107,340","196,189"
88361524,"38,004,491","8,313,131","5,287,960","3,308,147"
88378861,"37,112,125","5,513,142","331,085","4,922,400"
88444755,"35,153,257","16,833,925","2,310,212","3,389,470"
88866971,"45,761,372","598,904","40,517","7,954"
89015191,"49,616,706","16,807,762","10,158,309","6,691,687"
89303794,"46,261,056","226,740","103,320","144,241"
89414450,"54,173,720","4,482,187","6,137,954","4,630,427"
89442356,"45,508,135","15,911,513","4,193,023","7,139,635"
89463398,"52,803,983","60,503,319","14,497,307","5,986,872"
90175840,"46,521,085","4,877,208","1,841,491","3,900,672"
90186312,"45,373,861","7,116,858","491,968","1,537,923"
90554584,"42,768,351","2,750,705","760,434","1,206,005"
90654001,"40,865,198","833,193",696,"114,955"
91293354,"60,478,109","16,303,370","12,007,978","6,179,076"
91324773,"45,257,481","7,123,304","2,103,855","2,215,076"
91384301,"43,603,180","2,527,096","1,408,847","807,807"
91393098,"66,435,170","11,287,884","8,145,293","4,245,663"
91433759,"58,134,904","1,906,068","1,017,708","533,492"
91454739,"34,872,681","1,167,803","324,907","1,946,688"
91938689,"39,953,762","816,993","60,393","744,746"
92000528,"36,873,415","44,165,212","5,745,442","6,062,657"
92069151,"34,074,722","1,975,575","1,133,882","3,571,176"
92278149,"43,199,820","2,889,379","1,051,650","3,638,212"
92298544,"52,740,890","2,648,254","1,231,703","808,089"
92413859,"43,274,850","2,742,352","4,319,387","4,090,463"
92573671,"48,651,954","4,878,732","1,089,797","1,199,407"
92805084,"36,107,713","126,483","31,646","18,391"
93578062,"61,127,515","7,617,476","2,669,413","2,491,191"
94670228,"36,465,686","7,284,203","1,187,008","1,139,539"
94709395,"34,886,006","1,215,096","187,459","1,949,085"
94804896,"72,674,577","124,207,479","98,407,639","15,578,761"
94826004,"58,529,393","20,762,890","11,351,973","4,761,169"
94882244,"36,206,201","1,209,615","24,539","1,395,129"
95137889,"57,526,808","21,920,942","12,635,972","5,162,802"
95139619,"67,884,775","81,752,835","40,129,089","11,159,163"
95317724,"79,764,335","48,567,868","27,441,562","5,242,453"
95459238,"83,052,753","119,974,872","71,413,632","15,442,893"
95473584,"33,805,252","1,951","169,199","41,676"
95560188,"53,336,445","23,196,189","5,276,836","2,745,652"
95636110,"54,962,181","26,086,312","15,201,846","3,772,096"
95668784,"47,031,408","9,664,252","567,456","985,605"
95670341,"49,144,852","4,863,951","1,506,457","1,288,237"
95673075,"38,150,561","2,541,268","1,221,085","924,174"
95673384,"54,751,884","17,832,850","13,279,123","4,651,610"
95674238,"62,036,833","15,857,415","24,086,367","3,259,447"
95676053,"42,926,205","3,443,391","1,600,393","515,114"
95676117,"34,979,320","904,002","84,599","361,357"
95676183,"58,962,037","6,682,617","17,459,238","2,280,740"
95676399,"88,925,084","145,594,671","216,505,528","10,530,493"
95676746,"119,853,264","81,931,606","82,214,981","13,325,551"
95676757,"41,215,171","2,461,250","147,320","372,913"
95677106,"41,265,210","3,230,282","921,575","584,964"
95677201,"57,119,562","4,495,948","3,922,212","2,296,752"
95677203,"62,413,358","21,253,106","23,540,949","3,424,433"
95677291,"56,559,725","17,088,414","5,725,604","3,129,503"
95678089,"38,796,440","16,070,354","4,606,817","3,646,954"
95678108,"35,605,209","1,743,267","670,875","549,429"
95678399,"64,071,211","51,200,139","76,949,182","6,089,479"
95679756,"49,081,237","3,918,437","677,392","522,875"
95680616,"57,843,515","2,512,012","1,864,057","643,006"
95680750,"56,976,537","2,501,682","1,724,103","800,544"
95681780,"68,032,327","16,022,468","10,570,135","3,150,232"
95682164,"38,275,357","2,097,988","168,653","771,035"
95709192,"34,478,157","168,853",0,0
95716729,"49,118,089","4,232,561","4,222,336","3,982,418"
95729550,"52,244,627","58,021,272","12,591,759","3,083,550"
95736299,"38,791,000","605,394","46,374","422,227"
95844023,"55,954,063","28,505,563","15,204,194","4,567,147"
95966882,"34,840,632","19,113",0,20
96006500,"47,052,536","2,677,895","1,530,991","913,539"
96025702,"44,558,370","3,541,955","2,885,321","1,893,500"
96057102,"36,030,595","1,136,118","450,119","1,055,436"
96095459,"44,036,846","6,511,893","205,641","1,136,164"
96105156,"43,772,679","5,080,567","1,406,926","2,111,211"
96119113,"52,751,190","13,191,211","14,871,781","4,018,425"
96119582,"52,546,375","6,180,581","5,411,594","3,288,536"
96126999,"33,700,415","83,739","18,509","403,365"
96130941,"62,508,968","8,175,231","2,700,804","2,008,561"
96131574,"40,838,998","913,198","686,471","756,111"
96131585,"43,777,145","1,379,084","2,082,594","467,974"
96132492,"38,031,501","4,206,941","520,769","1,237,753"
96139324,"45,307,856","745,312","1,619,301","2,484,865"
96153296,"39,058,610","2,408,301","2,909,728","1,708,172"
96158047,"47,599,684","7,545,670","423,170","2,119,141"
96167374,"48,180,201","1,961,393","2,089,526","2,281,321"
96169664,"37,257,612","2,362,408","2,596,410","3,704,804"
96170888,"43,355,417","7,068,051","4,037,376","1,923,741"
96178913,"43,762,948","5,851,632","6,994,329","2,670,467"
96181565,"55,266,879","3,392,631","2,979,530","3,991,173"
96182558,"42,177,965","7,265,185","7,315,236","4,180,590"
96188922,"63,513,588","14,293,212","19,071,173","3,075,204"
96191862,"48,343,223","22,401,789","20,777,662","6,053,684"
96194999,"34,890,744","206,228","67,111","1,524,718"
96195262,"35,355,175","3,316,800","891,632","1,531,685"
96196522,"36,171,667","6,292","29,647","108,972"
96198317,"40,485,159","4,992,357","763,921","552,501"
96201962,"57,707,135","46,436,503","14,045,095","4,651,944"
96204830,"64,714,505","3,524,582","5,495,902","1,651,815"
96207548,"35,205,170","958,899","2,366,654","757,730"
96209643,"63,904,232","29,859,506","16,628,820","5,586,947"
96212053,"35,145,640","2,496,903","239,159","279,906"
96214479,"37,757,497","1,565,645","345,225","1,266,259"
96216646,"38,567,473","4,595,428","4,208,552","4,747,455"
96218976,"37,173,140","10,235",0,"13,048"
96219972,"67,129,368","5,666,757","5,462,995","2,273,751"
96224272,"34,474,602","49,855",0,"16,249"
96228988,"38,128,954","4,419,549","2,102,988","2,897,674"
96234720,"35,066,037","2,485,956","1,692,054","842,803"
96237983,"45,208,250","3,133,218","3,619,572","1,776,753"
96239377,"57,934,248","1,991,717","2,324,188","808,744"
96240207,"48,136,862","23,286","104,972","253,262"
96240941,"55,327,870","2,385,011","2,103,672","714,438"
96246383,"38,469,725","1,248,361","1,093,401","1,542,162"
96249784,"37,524,726","1,633,356","806,565","3,245,295"
96249805,"63,395,758","46,358,195","25,888,345","5,671,359"
96250250,"40,535,005","191,989","97,600","387,620"
96251420,"36,702,555","16,061",0,"241,749"
96253007,"37,781,057","1,000,070","712,484","1,044,365"
96253628,"42,542,357","7,581,741","6,289,815","1,055,951"
96254648,"50,616,839","235,963","99,357","73,560"
96255103,"40,731,299","1,349,248","1,909,113","2,801,186"
96255688,"59,710,343","11,248,408","13,446,088","2,199,234"
96256955,"37,054,677","87,891","32,325","125,617"
96257100,"59,448,517","18,800,591","16,097,927","5,693,312"
96259184,"50,446,825","6,783,666","6,749,759","3,147,825"
96259916,"41,733,479","1,600,160","474,167","316,546"
96261561,"42,844,969","260,594","263,593","1,904,647"
96261631,"35,586,924","173,535","43,336","103,880"
96261911,"55,860,090","967,546","2,471,000","1,673,368"
96262528,"33,831,396","236,141",606,"117,350"
96262955,"48,481,950","1,238,071","1,589,020","1,744,243"
96272429,"54,194,133","2,621,147","841,884","802,405"
96274309,"53,307,336","1,902,679","1,270,053","2,137,403"
96277479,"35,187,899","939,645","2,123,740","2,184,141"
96282361,"36,691,874","6,484,054","2,233,962","4,130,821"
96283208,"40,837,369","679,826","717,986","2,144,308"
96291019,"50,727,869","24,887,632","17,389,042","3,417,425"
96293177,"44,403,673","13,271,994","10,015,288","2,649,376"
96294305,"49,376,157","4,313,882","2,214,191","1,161,115"
96295895,"46,486,911","571,627","841,574","397,643"
96298101,"45,977,344","773,007","56,249","77,421"
96299115,"37,490,537","605,527","21,669","186,331"
96299426,"43,247,841","43,074",0,"224,399"
96312657,"52,369,143","83,566","47,641","14,453"
96326385,"39,541,429","567,419","69,418","229,475"
96338014,"35,225,719","1,732,161","110,895","775,692"
96365102,"51,809,356","525,850","540,171","447,148"
96386777,"45,207,573","1,273,130","1,045,172","694,666"
96421829,"54,337,961","9,339,958","7,561,834","3,759,970"
96434218,"36,299,809","1,802,259","899,996","1,410,387"
96455715,"37,410,606","703,816","55,583","1,074,391"
96464896,"35,769,881","11,685,478","1,667,437","1,209,581"
96469908,"74,645,963","5,582,084","6,566,243","1,849,091"
96540566,"36,493,826","5,730,349","1,056,820","2,432,774"
96547985,"58,058,810","10,630,005","8,781,942","3,442,192"
96553958,"41,943,697","1,252,983","452,785","297,318"
96566351,"89,013,029","124,688,948","115,094,224","14,396,045"
96577092,"54,585,530","748,664","117,001","471,628"
96593085,"50,144,850","334,317","518,441","287,315"
96617124,"35,086,626","1,394,932","430,586","1,243,233"
96622775,"47,352,320","4,366,695","1,902,446","904,722"
96675956,"45,948,376","11,010,766","1,403,801","2,068,354"
96779912,"34,656,464","158,776","14,965","80,746"
96812276,"39,844,069","301,810","270,584","1,921,128"
97062538,"57,080,587","3,233,157","1,393,430","2,883,301"
97066731,"43,794,901","3,609,898","2,469,595","1,448,750"
97088626,"35,624,204","524,929","1,156,655","717,456"
97100314,"42,341,671","283,306","92,835","86,927"
97121989,"36,744,457","1,044,316","671,356","1,726,613"
97125698,"34,647,530","1,017,975","635,192","1,013,122"
97127787,"67,182,370","25,241,194","22,044,799","3,916,824"
97132133,"51,752,918","9,730,845","5,614,797","4,357,299"
97143154,"41,098,340","1,100,847","483,120","655,054"
97144363,"48,428,550","4,534,628","3,160,925","1,235,570"
97160911,"42,587,068","2,025,083","1,570,769","1,431,747"
97194125,"45,804,324","1,886,249","1,784,448","1,461,204"
97223990,"43,936,231","11,728,300","1,432,214","1,299,295"
97287877,"60,834,000","3,110,759","7,050,507","1,170,394"
97465809,"61,191,831","7,634,844","8,722,472","4,069,974"
97549200,"53,604,754","5,166,667","2,443,443","3,250,218"
97560016,"68,550,260","7,152,850","5,737,880","1,412,124"
97560095,"72,624,041","25,722,414","30,356,694","2,540,289"
97642297,"51,412,669","3,131,612","2,340,528","1,870,942"
97680032,"47,120,571","1,139,657","476,398","502,162"
97822225,"64,183,553","11,310,973","11,085,575","4,229,217"
98013414,"141,137,699","97,795,820","80,221,423","18,349,538"
98020847,"43,663,965","2,643,767","1,755,898","2,608,917"
98398193,"46,709,813","1,891,261","1,144,925","1,223,576"
98578573,"44,705,450","2,893,260","1,737,064","1,212,461"
99079616,"33,841,325","1,110,667","132,821","287,968"
99495030,"58,713,348","9,456,819","11,818,348","3,727,860"
99673999,"57,911,285","39,230,569","35,043,594","6,829,210"
101564412,"47,860,583","22,620,118","8,628,833","3,211,744"
102084623,"54,699,358","21,842,625","6,075,151","4,326,814"
102156257,"53,937,907","17,695,513","6,800,135","2,207,840"
102348905,"56,318,479","20,902,351","8,682,051","2,578,572"
102362628,"39,754,616","1,603,586","255,127","649,784"
102926420,"34,187,235","2,140,451","1,450,063","2,118,493"
103980065,"58,903,988","47,130,630","14,168,647","7,854,958"