54486300,"227,091,283","238,824,586","149,883,154","30,061,406"
38232075,"195,567,139","225,666,441","122,997,077","21,024,926"
16710828,"186,050,306","110,386,112","81,886,791","15,849,081"
16651395,"183,144,336","298,517,669","234,018,842","51,478,945"
98013414,"176,248,970","90,504,043","53,901,342","14,106,302"
95676746,"146,718,204","73,597,377","54,700,896","9,240,745"
58883891,"145,802,459","408,854,672","336,795,977","34,462,585"
13365625,"145,151,014","201,546,286","220,330,332","52,322,313"
41583461,"137,817,904","113,561,128","121,391,253","17,218,620"
22505871,"133,366,140","73,458,495","40,081,122","16,182,633"
39756277,"132,214,540","91,299,327","114,450,664","8,704,489"
75648185,"130,408,289","62,690,879","25,984,431","7,798,774"
24554493,"124,264,381","165,664,764","108,891,013","20,201,854"
17736708,"121,597,098","56,982,501","43,181,350","20,060,965"
64237899,"119,774,985","104,668,680","95,135,254","10,171,133"
16855740,"119,477,191","74,521,428","39,026,681","11,833,952"
7681587,"113,292,472","114,844,895","55,299,805","12,463,276"
96566351,"113,046,077","114,114,456","66,188,568","11,869,707"
77967742,"111,072,651","90,697,009","53,323,852","6,517,509"
63119959,"106,932,755","71,364,376","66,960,811","12,540,119"
16615789,"105,445,396","78,585,439","75,142,196","11,997,635"
60732523,"105,260,834","93,541,531","67,136,662","17,636,566"
63774991,"104,924,083","76,403,792","45,250,962","12,463,290"
66371997,"104,008,048","186,052,920","119,925,387","13,242,875"
63598668,"103,003,462","135,041,396","115,069,925","8,959,919"
53317858,"102,458,810","35,541,868","25,892,917","9,013,827"
61847388,"101,801,916","57,157,027","30,042,442","10,387,303"
95676399,"101,663,366","109,417,781","86,743,021","8,068,489"
34461486,"100,306,658","87,772,049","100,899,626","15,916,759"
73870935,"100,277,891","44,077,331","29,646,646","4,281,345"
33726432,"100,141,893","83,868,279","44,096,259","10,871,879"
94804896,"99,402,316","113,264,913","62,134,348","12,155,906"
64044209,"99,289,774","62,345,083","39,137,264","8,744,063"
13780200,"99,247,105","46,914,344","16,087,284","7,131,944"
43590440,"98,002,574","229,477,106","297,370,601","16,445,574"
65527076,"97,807,021","27,286,523","26,338,066","7,218,353"
48281776,"97,486,238","45,268,647","23,578,369","6,395,835"
47351877,"96,869,129","66,691,050","44,732,040","13,349,637"
37732597,"96,690,623","83,630,372","57,922,904","10,776,764"
11749129,"96,250,678","84,157,181","35,453,740","12,377,475"
17736681,"96,199,054","139,160,219","96,721,982","14,668,739"
21464078,"96,144,683","50,942,635","27,086,925","8,480,794"
54237350,"95,959,796","94,217,260","69,647,588","10,735,348"
63968661,"95,945,356","23,363,883","19,447,425","7,287,136"
62739007,"95,392,501","285,212,555","136,210,619","18,836,981"
5479378,"95,088,410","113,922,279","115,611,858","19,760,090"
16512590,"94,793,060","63,404,591","62,139,543","11,978,313"
62399898,"94,261,898","68,112,965","31,268,231","9,675,071"
37239310,"93,732,727","155,050,299","90,744,550","10,372,726"
59797086,"93,389,007","56,138,895","53,738,148","4,550,174"
41086563,"93,089,850","134,120,494","67,340,494","17,620,246"
14138612,"92,845,119","225,723,207","76,967,380","20,587,506"
57141256,"92,757,906","54,081,480","66,031,200","7,715,134"
3534140,"92,150,949","56,542,031","42,824,973","13,664,372"
68860613,"91,075,541","37,021,947","44,652,841","7,512,144"
59010105,"90,772,649","62,390,570","33,359,552","6,024,698"
23025917,"90,691,014","74,778,063","41,938,683","4,888,217"
13816815,"90,637,663","170,901,578","93,086,807","21,600,976"
52619890,"90,576,150","185,575,015","94,962,381","11,950,466"
95459238,"89,924,293","117,160,578","62,209,618","14,667,031"
40988512,"89,877,402","93,242,733","88,448,174","17,348,060"
30669129,"89,805,198","122,201,467","57,657,621","11,201,138"
52663991,"89,655,326","57,018,499","24,931,686","4,589,454"
63503947,"89,353,671","40,556,354","42,383,160","5,432,307"
95317724,"89,281,848","45,762,400","15,424,155","2,739,531"
53720198,"89,157,391","69,806,268","40,120,523","5,287,520"
1080643,"88,875,645","57,333,000","35,771,106","14,013,419"
85689750,"88,672,949","225,481,584","97,370,869","16,466,324"
15689544,"88,593,338","37,974,595","21,585,046","8,567,830"
25023794,"88,582,871","82,637,773","74,906,352","13,612,528"
33876264,"88,103,021","28,205,905","24,246,598","10,054,035"
52618268,"87,925,167","92,677,748","46,473,424","11,985,159"
18388428,"87,795,752","72,058,836","77,416,192","13,571,912"
12468054,"87,599,400","201,991,054","213,674,994","27,212,375"
19004552,"87,388,345","36,264,171","28,024,153","8,618,825"
46678919,"87,384,860","80,636,447","55,019,181","10,483,392"
17875970,"87,298,168","98,674,827","66,693,074","10,647,037"
52667612,"87,227,961","51,137,011","32,368,908","11,346,172"
9957322,"86,808,011","37,375,669","39,170,143","14,448,556"
76851235,"86,618,526","23,682,489","19,740,925","5,846,264"
4361916,"86,525,467","56,967,978","50,608,194","14,562,822"
39916504,"86,261,006","87,089,961","47,041,094","13,018,555"
84810550,"86,037,085","69,505,629","21,581,910","13,013,917"
11904157,"85,892,080","54,860,137","26,161,801","9,395,645"
41779923,"85,858,571","95,504,214","26,312,704","7,068,733"
50653451,"85,012,817","69,821,898","31,147,990","6,747,868"
45581601,"84,819,662","30,063,938","16,005,601","6,189,710"
49911535,"84,717,376","87,649,306","62,564,303","9,264,524"
27512984,"84,570,183","194,995,995","153,280,105","13,617,225"
83519219,"84,559,250","50,122,283","24,439,363","7,646,055"
45764094,"84,317,861","27,858,972","18,530,327","6,614,767"
39255673,"84,170,797","42,788,943","28,686,092","11,219,171"
6960423,"84,160,146","60,551,846","24,287,765","9,814,104"
39673397,"83,681,920","74,973,664","40,698,156","8,570,540"
17780812,"83,555,774","40,840,295","31,839,658","8,973,769"
16709976,"83,430,607","56,248,323","32,170,036","10,076,157"
30421620,"83,311,679","19,205,077","18,481,066","5,140,241"
48450829,"83,253,040","135,920,718","76,606,372","12,586,443"
53353057,"83,250,337","80,414,618","51,235,061","8,197,692"
11694371,"83,058,838","132,525,067","58,418,622","9,679,296"
73901502,"82,913,756","23,756,464","14,610,128","7,262,925"
35538798,"82,866,821","59,980,398","40,419,557","9,593,176"
30236269,"82,765,871","35,674,065","22,867,012","7,602,126"
70857667,"82,557,893","24,543,663","23,504,065","7,348,515"
64023189,"82,410,980","8,964,197","4,832,167","2,148,729"
63955350,"82,199,909","113,232,805","71,438,091","14,471,437"
95139619,"82,075,422","73,993,160","22,924,281","9,158,664"
17854556,"82,018,260","54,430,255","38,435,981","6,894,168"
39250773,"81,782,790","62,338,603","47,239,015","8,724,781"
79327227,"81,440,383","37,155,325","29,100,388","5,718,252"
53572619,"81,262,036","31,200,291","18,706,281","9,480,458"
73551691,"81,219,970","64,481,948","51,485,821","7,257,513"
62935309,"81,179,758","27,270,403","21,587,009","7,039,681"
34522175,"81,054,951","60,118,333","60,573,761","13,152,065"
58750588,"80,940,437","100,156,260","95,922,944","10,438,958"
62080073,"80,910,474","76,880,452","46,695,996","6,820,979"
15186568,"80,823,174","41,790,197","25,769,831","10,096,129"
34054731,"80,781,066","30,419,078","30,055,751","6,824,808"
41804801,"80,694,827","54,042,526","42,460,743","10,755,505"
64306210,"80,661,663","26,103,199","15,167,481","5,856,162"
50114134,"80,554,295","95,332,482","46,779,030","8,131,394"
44425203,"80,483,704","44,968,402","20,947,808","6,190,602"
6845524,"80,452,122","21,670,509","20,267,206","11,657,949"
59331015,"80,433,106","44,610,439","26,978,301","5,668,593"
53459290,"80,342,217","70,927,412","44,645,592","8,709,053"
57442278,"80,129,514","41,906,681","37,737,138","4,086,017"
12182229,"80,029,971","44,986,599","25,282,622","7,133,455"
53474171,"80,007,711","33,825,671","18,202,636","7,196,962"
11904784,"79,919,880","71,101,597","31,429,473","5,911,474"
64115009,"79,853,677","235,595,089","126,644,182","14,158,937"
33851182,"79,806,635","38,130,335","23,013,659","9,278,363"
11915882,"79,726,291","31,098,642","18,047,141","11,015,009"
60296881,"79,704,762","21,432,835","11,358,410","5,087,597"
46972060,"79,703,419","87,617,653","38,803,433","7,746,092"
63720400,"79,702,577","12,253,365","9,270,494","4,971,703"
31895462,"79,620,473","47,705,370","31,940,057","14,994,282"
38132570,"79,586,513","125,242,692","87,786,388","13,551,462"
85825206,"79,578,993","62,255,557","27,018,149","8,101,833"
4785737,"79,541,523","75,707,320","64,584,278","12,610,948"
97465809,"79,296,223","6,608,325","5,232,986","2,034,914"
63733625,"79,282,439","12,989,637","8,703,853","5,393,464"
51651109,"79,191,333","20,137,297","10,389,328","6,064,301"
59171934,"78,864,345","40,520,610","28,136,278","4,271,557"
16702170,"78,824,012","167,061,786","142,705,397","15,153,890"
69545360,"78,814,971","19,663,128","13,390,362","2,876,615"
53639563,"78,705,762","17,080,003","11,821,702","5,257,794"
69915557,"78,578,330","32,104,273","23,389,542","4,915,456"
54444073,"78,430,648","161,619,851","77,049,996","14,194,874"
38980106,"78,400,214","83,362,793","39,638,151","8,519,272"
90190464,"78,396,944","31,435,096","28,244,527","2,990,650"
53565432,"78,317,964","55,857,557","33,982,747","7,088,485"
1616635,"77,978,029","59,785,000","40,048,908","11,610,960"
62720594,"77,907,398","19,597,034","15,135,354","8,237,665"
10806254,"77,900,069","36,372,214","26,513,486","11,164,717"
28487786,"77,832,652","84,469,687","62,382,723","14,871,105"
64309507,"77,751,550","52,151,900","21,351,925","8,034,335"
95636110,"77,697,028","24,165,779","9,414,508","1,172,606"
51061315,"77,641,953","28,927,487","9,139,012","7,185,822"
76122309,"77,556,440","28,517,659","37,286,845","5,645,331"
75398017,"77,527,911","17,894,143","20,067,969","4,798,500"
12971051,"77,499,479","19,368,453","15,379,574","7,530,872"
96469908,"77,351,669","5,012,651","4,815,712","1,336,588"
27082807,"77,348,844","30,671,403","18,241,699","7,182,181"
95681780,"77,168,983","14,950,241","6,841,633","1,992,289"
17256004,"77,080,591","40,066,761","23,863,298","9,245,885"
62853017,"76,892,660","13,284,187","9,412,467","3,665,515"
39867788,"76,839,647","46,859,918","31,139,356","12,280,832"
17625084,"76,594,386","36,558,130","25,957,110","8,684,550"
91393098,"76,391,983","10,693,337","6,669,189","2,748,815"
77797583,"76,371,546","53,885,833","31,019,216","6,393,415"
59335464,"76,249,221","90,303,111","74,353,690","12,353,367"
19626853,"76,232,737","173,443,230","29,873,322","15,517,513"
75084130,"76,218,852","28,185,290","20,393,394","6,109,772"
5716022,"76,106,445","15,713,998","4,440,435","2,087,269"
78483355,"76,094,059","80,589,339","20,323,365","6,231,421"
61944693,"75,953,309","32,971,847","29,883,100","5,914,339"
19036336,"75,903,110","50,205,535","24,298,669","12,972,371"
62608636,"75,848,627","13,034,614","9,296,112","7,579,198"
64525422,"75,817,132","44,501,039","35,086,260","4,145,280"
63480706,"75,768,509","38,752,975","14,761,381","6,309,239"
1616270,"75,726,909","50,792,735","32,650,737","10,547,038"
26877031,"75,656,465","20,851,447","15,414,216","6,498,109"
33910779,"75,619,616","34,497,033","25,796,492","6,727,398"
69366835,"75,593,965","26,170,056","20,413,888","5,336,268"
73925214,"75,581,271","15,109,814","8,544,639","4,018,298"
62946708,"75,499,463","39,766,426","33,831,666","8,340,723"
33305369,"75,331,492","52,313,991","34,869,883","6,453,275"
52667606,"75,227,037","57,735,267","29,657,438","5,018,177"
55851284,"75,111,704","45,455,831","21,117,640","7,653,146"
12358600,"75,059,263","85,434,820","25,197,010","7,140,591"
62189019,"75,002,010","28,090,446","11,667,350","7,545,197"
63737713,"74,982,346","35,159,375","31,506,240","7,215,355"
51632421,"74,972,383","31,807,587","19,712,366","8,329,032"
65484538,"74,944,891","114,171,704","31,061,552","5,298,196"
67145172,"74,915,025","18,209,461","14,462,220","4,239,630"
65787040,"74,837,113","89,685,486","41,406,264","6,973,377"
71733867,"74,784,080","81,908,419","29,409,227","6,900,318"
10993999,"74,748,584","50,237,740","29,641,867","10,319,350"
97560016,"74,708,806","7,093,258","5,463,377","1,340,940"
63601569,"74,686,103","10,179,652","8,285,950","4,811,749"
52130105,"74,635,360","45,632,227","11,073,080","8,412,331"
27737243,"74,601,264","14,134,434","10,425,739","5,766,734"
96257100,"74,410,121","18,185,758","13,242,914","3,483,510"
39144620,"74,396,524","74,183,011","41,918,813","10,139,176"
39637709,"74,393,794","48,025,940","24,167,827","6,068,672"
54530345,"74,367,488","118,513,873","49,916,743","7,343,358"
37765024,"74,268,175","13,823,542","7,647,532","5,831,934"
76158410,"74,210,733","13,076,030","6,833,669","3,171,821"
97560095,"74,068,900","22,939,562","20,492,659","2,270,213"
7568329,"73,971,755","46,006,962","25,653,040","9,161,456"
48448912,"73,838,575","143,867,516","72,587,679","11,397,468"
63179189,"73,533,951","18,885,939","11,855,917","9,127,489"
57922872,"73,496,805","20,799,059","4,821,323","7,328,423"
55874646,"73,392,846","63,644,325","33,848,572","13,033,234"
79538130,"73,300,140","19,077,636","9,438,866","3,011,463"
76218406,"73,231,890","22,783,652","7,732,615","7,183,350"
13344677,"73,223,916","33,505,628","28,443,240","8,873,309"
39864322,"73,208,367","39,423,959","33,142,650","8,942,972"
73936439,"73,085,836","14,298,980","7,467,603","4,688,045"
17494004,"73,063,836","91,921,274","74,226,570","13,944,118"
76218861,"72,902,632","57,134,306","9,827,074","4,073,264"
18477710,"72,896,661","46,200,934","19,462,361","8,396,469"
81742039,"72,758,449","23,498,644","13,954,477","3,303,130"
25182362,"72,743,141","62,240,790","21,805,143","11,600,944"
67058811,"72,681,448","22,369,055","11,838,339","3,485,857"
80449273,"72,412,274","28,753,741","11,701,980","5,399,062"
51380796,"72,242,242","23,987,417","6,638,881","3,879,319"
60506152,"72,240,633","22,168,125","32,964,292","8,988,679"
96209643,"72,115,706","27,702,287","10,078,194","4,234,365"
85753243,"72,058,240","32,588,867","21,738,285","4,349,812"
38415332,"72,036,540","26,224,961","9,280,546","8,682,940"
80584926,"72,009,216","49,434,350","19,517,591","5,654,677"
13346228,"71,718,758","74,267,765","58,240,909","13,213,445"
63453000,"71,689,243","30,825,982","21,585,098","6,455,415"
25456735,"71,641,300","107,354,560","90,600,919","29,850,694"
79507632,"71,582,600","20,182,180","18,578,366","5,285,115"
73854941,"71,508,103","17,845,300","20,080,173","6,900,452"
61950882,"71,422,686","49,801,936","18,550,770","9,804,769"
67999885,"71,274,078","68,235,287","40,346,436","8,336,672"
26291665,"71,133,161","31,590,832","15,414,981","5,010,192"
68974728,"71,116,270","45,303,060","32,853,005","4,771,448"
60954941,"71,061,257","62,208,222","17,631,039","6,942,251"
24834605,"71,016,654","17,602,835","15,518,044","7,424,207"
41812057,"70,813,185","29,777,682","27,054,411","13,855,904"
80675462,"70,628,612","18,780,662","13,442,201","6,600,373"
73802284,"70,607,667","7,184,199","4,051,610","1,846,949"
24241800,"70,588,759","25,220,370","33,094,560","6,288,740"
75888646,"70,444,649","48,036,021","27,336,036","5,747,657"
57418518,"70,436,277","12,458,706","4,631,912","5,613,233"
76195639,"70,414,551","37,195,206","16,389,437","5,034,623"
76869735,"70,334,488","34,980,544","14,180,692","4,603,427"
62326004,"70,292,457","15,580,313","10,856,306","5,298,305"
59102519,"70,290,199","11,587,775","7,893,307","4,018,797"
95678399,"70,147,025","40,988,750","39,129,408","4,209,724"
67184899,"70,143,535","24,715,513","13,219,552","3,829,392"
34513418,"70,138,814","41,183,813","29,816,954","7,213,789"
50587058,"70,105,362","12,268,453","6,962,968","6,736,611"
27400587,"70,091,331","39,996,053","18,807,589","11,618,391"
21998284,"70,006,208","20,412,389","7,105,803","8,260,936"
53518875,"69,974,869","28,042,843","11,167,483","2,665,767"
14020401,"69,933,764","18,997,236","11,373,827","8,132,722"
63573884,"69,920,994","12,244,668","9,752,109","3,802,188"
67174967,"69,800,270","26,027,836","19,584,993","7,066,854"
60731879,"69,786,446","73,550,135","51,570,551","13,456,599"
66466622,"69,763,581","25,337,093","14,422,113","7,029,673"
59719216,"69,703,413","42,757,458","32,128,160","7,565,510"
64094649,"69,679,726","11,738,840","3,072,955","3,740,908"
83571282,"69,611,048","9,554,397","5,554,937","4,082,054"
68627238,"69,514,530","7,325,395","2,722,941","3,849,942"
37756270,"69,498,897","18,908,667","8,946,187","4,567,822"
39848545,"69,475,099","44,177,958","18,146,256","9,507,998"
103980065,"69,417,326","42,516,766","7,787,543","5,670,938"
75397619,"69,352,129","39,412,475","25,920,771","7,081,727"
52375803,"69,351,152","48,539,698","34,343,768","8,531,680"
95682829,"68,955,113","54,015,500","22,315,106","5,571,392"
65451323,"68,951,526","31,045,594","18,882,596","6,976,235"
69199791,"68,814,406","6,518,339","4,986,784","1,234,550"
63013160,"68,802,376","26,854,741","14,516,735","7,543,110"
67137328,"68,790,151","42,848,466","26,707,882","7,352,301"
97127787,"68,737,601","21,786,199","14,709,505","2,978,248"
38205589,"68,630,815","20,548,831","19,803,549","5,935,835"
80735764,"68,614,391","22,496,053","12,554,283","4,198,028"
81966438,"68,611,451","62,503,052","27,975,082","6,082,236"
34358347,"68,448,321","6,293,351","2,317,953","4,131,042"
23896432,"68,445,523","107,027,426","91,374,852","12,443,167"
50411574,"68,431,342","53,450,499","21,686,638","9,686,682"
50574663,"68,417,936","52,315,464","42,486,697","11,404,039"
67202956,"68,380,419","28,663,551","18,710,708","5,078,356"
37773820,"68,362,142","22,912,851","10,804,079","5,309,618"
65232436,"68,328,004","61,072,181","18,836,246","5,221,980"
40299040,"68,320,187","75,044,925","16,222,786","7,817,681"
69114506,"68,272,427","41,350,870","23,506,475","4,043,555"
56865654,"68,243,510","18,219,689","7,844,650","5,149,812"
63751320,"68,240,273","40,321,389","15,793,235","6,812,653"
62104788,"68,060,339","32,906,003","18,180,694","7,825,324"
67133364,"68,047,898","15,568,201","8,163,057","5,254,722"
63595204,"67,950,752","18,025,232","15,810,223","5,778,371"
9771821,"67,939,132","31,999,892","10,371,340","9,933,777"
76180743,"67,933,739","20,439,733","12,287,930","6,343,410"
62399044,"67,902,252","35,592,708","18,087,770","7,715,429"
69765691,"67,660,337","5,807,064","3,583,813","1,921,694"
81744680,"67,517,667","14,866,896","6,917,989","4,004,634"
63897345,"67,389,853","28,363,735","20,838,135","7,228,669"
53702653,"67,246,367","49,697,134","26,053,846","6,363,869"
59319658,"67,213,907","41,642,518","32,792,497","5,296,865"
97822225,"67,144,905","9,338,230","5,147,130","2,575,908"
61834122,"67,066,322","18,986,108","7,716,215","4,010,487"
63900101,"66,709,897","16,830,534","6,119,211","3,663,622"
64209971,"66,696,371","19,266,739","14,057,753","5,350,337"
29587991,"66,598,489","26,127,595","15,094,778","5,904,212"
75144155,"66,448,692","41,425,744","18,590,284","6,778,681"
48517595,"66,378,635","38,467,647","11,193,344","7,145,318"
55567655,"66,354,036","6,993,228","3,568,369","3,002,138"
37726163,"66,112,637","10,899,171","7,231,495","10,501,749"
61069638,"66,015,481","5,218,218","1,858,700","3,914,682"
61498739,"65,991,952","3,934,502","3,282,038","2,243,038"
25255454,"65,974,989","51,601,065","16,807,513","6,272,703"
65587633,"65,923,493","25,414,273","13,558,037","7,755,689"
58413032,"65,853,254","16,664,381","10,058,804","7,817,650"
83619899,"65,804,494","22,162,526","15,587,900","2,912,665"
95676183,"65,792,815","4,623,755","7,517,971","1,489,062"
63495936,"65,760,802","20,157,446","12,498,959","6,875,687"
41925878,"65,756,176","28,483,903","19,918,423","6,297,449"
34869648,"65,734,779","4,820,867","2,694,635","2,223,389"
15038629,"65,624,210","114,511,380","58,517,387","13,863,038"
79756107,"65,591,352","6,115,368","4,110,114","1,688,239"
62166694,"65,457,376","13,639,078","8,008,765","3,808,714"
99673999,"65,409,060","32,424,007","15,299,421","5,163,906"
65429385,"65,259,942","7,188,057","3,869,240","1,294,224"
79501739,"65,249,608","16,086,625","10,788,895","2,880,924"
17502418,"65,206,540","5,704,113","2,628,140","4,266,464"
41906922,"65,181,745","48,512,282","20,165,289","10,756,570"
70535291,"65,172,725","19,744,490","5,811,397","4,909,578"
56267611,"65,147,871","12,881,894","6,562,649","4,426,310"
64523729,"65,127,928","17,479,620","11,404,981","5,918,273"
75567523,"65,118,625","33,799,576","15,263,694","4,582,691"
37416839,"65,112,524","31,170,266","22,664,865","8,368,311"
85918614,"65,090,045","8,290,516","2,923,914","1,842,538"
39190271,"65,018,666","9,589,794","3,923,487","3,285,430"
65750039,"65,010,060","16,526,760","4,176,143","1,752,338"
56084361,"65,003,496","13,901,071","4,228,913","3,253,492"
76297693,"65,000,922","25,933,149","12,790,872","5,362,090"
3094944,"64,974,255","25,439,965","13,139,922","6,979,372"
79259722,"64,877,138","29,356,527","17,437,954","4,411,036"
32601257,"64,847,466","11,640,684","10,273,159","4,409,218"
70209602,"64,671,696","19,609,428","19,906,871","5,641,524"
55784967,"64,595,030","18,972,464","11,728,289","7,219,445"
16921563,"64,519,783","53,879,054","39,977,801","12,187,118"
58285532,"64,428,004","9,252,985","4,544,068","4,528,056"
2349813,"64,073,145","28,897,909","30,951,193","12,123,866"
77544243,"64,064,384","4,870,766","1,713,646","3,261,945"
16262885,"64,034,547","58,583,654","44,551,854","19,887,344"
28625692,"63,970,033","40,758,981","18,445,573","5,184,128"
76216620,"63,880,077","46,314,727","37,133,090","6,688,741"
83556524,"63,821,104","3,915,558","2,209,416","1,112,635"
95677203,"63,815,517","18,958,946","13,324,723","2,818,950"
70125233,"63,687,831","21,603,166","15,130,179","4,805,173"
96249805,"63,601,110","41,517,512","15,029,565","3,898,562"
96188922,"63,494,432","12,729,333","13,245,130","2,221,570"
66817290,"63,365,588","9,031,459","5,334,891","3,632,453"
96219972,"63,344,458","5,504,577","4,467,244","2,273,751"
58615587,"63,262,034","20,036,753","9,653,262","4,216,515"
78024889,"63,218,913","16,567,918","16,682,865","3,509,202"
63811771,"63,209,045","46,029,671","5,326,189","6,221,558"
42620574,"63,203,090","21,196,004","12,017,729","4,958,460"
69851361,"63,111,984","21,905,014","15,825,605","4,609,710"
56418324,"63,053,973","36,290,547","13,863,221","6,521,329"
59431571,"63,018,770","39,590,997","20,097,786","5,177,656"
96201962,"63,000,809","45,965,967","12,131,718","3,487,049"
96547985,"62,891,406","9,567,898","5,242,404","2,174,360"
56316995,"62,841,052","33,248,126","19,521,235","5,534,454"
78804129,"62,836,724","8,142,217","5,762,735","3,402,782"
43366078,"62,834,198","4,534,990","2,118,297","4,892,604"
16272006,"62,797,555","14,467,623","9,159,684","2,709,937"
96255688,"62,772,036","9,384,938","5,448,606","1,123,375"
46576531,"62,768,938","30,264,006","11,221,924","10,114,055"
64772243,"62,726,461","24,979,418","9,516,213","3,411,496"
62548111,"62,720,449","22,954,130","6,437,465","3,961,872"
49233516,"62,582,743","17,591,964","6,661,361","8,994,607"
60237106,"62,546,550","57,505,844","16,728,399","8,250,112"
63469420,"62,532,314","9,715,366","5,248,848","3,178,798"
96204830,"62,530,517","3,418,289","4,740,859","1,599,714"
40823396,"62,438,975","8,739,342","2,364,891","1,166,431"
52435883,"62,419,561","14,238,739","8,025,818","6,712,104"
64348622,"62,349,392","18,865,971","13,145,552","4,987,492"
59151829,"62,325,339","19,199,650","8,190,749","6,360,466"
39412545,"62,311,851","42,207,577","15,737,417","6,185,981"
74348160,"62,234,342","35,973,516","23,704,292","4,621,129"
29137686,"62,132,834","12,123,592","3,679,786","4,234,014"
83714282,"62,078,180","6,304,942","4,163,459","2,036,750"
69541181,"62,074,261","52,347,601","24,171,683","10,053,041"
68085808,"62,072,037","17,653,100","14,991,971","6,964,106"
33738298,"62,019,529","4,917,144","3,874,496","6,441,203"
30199415,"61,753,873","50,307,135","15,356,157","10,182,432"
63572648,"61,620,674","6,298,449","3,353,297","2,381,676"
83956095,"61,449,993","20,152,400","14,266,914","3,703,248"
26254887,"61,436,839","88,387,174","42,057,501","11,962,763"
46858161,"61,346,743","68,143,262","14,359,437","9,767,283"
62608777,"61,338,599","21,078,647","12,281,237","6,216,748"
60959676,"61,208,719","18,821,816","9,546,761","5,256,789"
80394569,"61,162,895","25,099,847","12,808,343","5,688,568"
25758982,"61,052,740","13,364,161","6,557,111","3,512,499"
84320614,"61,027,503","22,336,031","13,780,462","4,898,163"
86108244,"60,867,806","9,418,417","4,148,426","2,813,048"
9775721,"60,811,001","1,978,097","1,029,864","3,590,009"
43810218,"60,374,796","50,209,459","7,853,450","5,937,375"
93578062,"60,197,485","3,195,596","821,334","1,261,001"
63951987,"60,163,651","14,170,803","7,085,776","8,596,632"
82308267,"60,095,286","6,353,626","4,430,231","3,113,668"
6017556,"60,094,397","7,364,811","6,856,515","6,714,253"
79083099,"59,916,004","11,504,790","6,776,259","3,218,778"
63871718,"59,911,097","8,569,040","5,762,250","5,310,700"
76112824,"59,619,990","8,139,974","4,456,458","4,019,982"
9322230,"59,544,598","5,243,948","3,935,620","4,042,551"
72969016,"59,533,459","17,925,591","10,837,202","3,574,100"
96130941,"59,447,762","7,104,361","1,124,706","1,228,022"
84457284,"59,306,697","2,541,211","1,029,306","2,166,969"
63559810,"59,298,319","12,449,706","7,372,826","8,765,090"
67116818,"59,173,202","12,577,528","3,467,483","3,820,245"
63858590,"59,121,482","25,213,428","12,437,268","5,353,288"
97062538,"59,117,403","3,162,333","1,309,195","1,790,175"
95677201,"59,011,507","3,995,099","2,600,141","1,547,254"
80264477,"58,936,865","6,342,597","2,723,739","2,929,373"
95674238,"58,933,085","12,901,274","14,197,278","2,322,636"
80819904,"58,844,584","5,901,933","5,809,213","1,318,000"
99495030,"58,609,039","7,300,239","5,106,789","2,424,623"
31074420,"58,599,477","13,738,799","5,268,069","4,380,672"
78823033,"58,477,680","9,138,762","4,552,732","2,672,285"
87484587,"58,432,112","21,532,790","9,408,123","5,597,147"
16353531,"58,329,931","5,272,536","2,256,868","5,651,018"
94826004,"58,158,047","18,307,840","6,234,324","3,758,298"
2339837,"58,003,107","20,487,165","12,987,233","12,853,687"
84652781,"57,864,550","5,806,579","1,924,927","2,233,640"
91433759,"57,710,182","1,833,223","695,285","533,492"
77024838,"57,701,461","9,565,811","3,629,436","4,717,411"
62074305,"57,537,392","16,934,622","5,275,552","4,181,451"
41867424,"57,470,580","2,472,009","2,066,104","6,835,172"
80277767,"57,423,103","12,812,798","7,369,973","3,996,019"
43782411,"57,387,882","57,332,630","29,911,125","6,965,096"
97287877,"57,211,692","1,819,866","2,306,301","620,711"
58752006,"57,184,127","27,030,029","9,110,820","5,574,958"
49219204,"57,137,011","7,128,122","5,099,409","6,553,347"
80207342,"56,998,178","14,907,929","4,075,718","2,898,999"
81750678,"56,971,787","22,907,394","10,182,829","5,115,729"
84468847,"56,971,025","10,058,456","2,823,584","1,590,134"
80727532,"56,844,437","7,793,379","2,692,084","2,368,964"
91293354,"56,532,139","14,327,387","6,312,410","4,448,361"
68680227,"56,507,046","13,993,052","3,557,757","3,447,186"
46587017,"56,445,489","14,423,134","3,154,127","6,027,805"
79444007,"56,361,544","5,811,956","2,135,791","1,882,617"
24425863,"56,341,617","17,382,084","7,325,857","9,088,957"
95560188,"56,128,120","20,146,365","2,323,977","2,065,431"
78103591,"56,021,229","23,759,127","18,404,137","5,884,786"
68675742,"56,015,657","16,800,382","5,563,364","5,581,206"
63896422,"55,993,268","19,819,304","4,174,854","4,601,121"
62903562,"55,933,743","1,488,061","312,479","3,034,732"
80056338,"55,874,094","39,577,559","21,135,003","4,219,315"
30316476,"55,860,067","26,478,174","7,932,424","4,729,062"
60891605,"55,764,315","12,988,214","2,090,558","2,793,282"
62687626,"55,676,632","9,694,023","6,645,987","7,806,342"
74264682,"55,559,493","4,359,515","1,937,291","2,937,672"
21090207,"55,509,545","84,173,890","29,237,063","12,884,478"
62763532,"55,379,810","3,982,857","829,849","946,820"
95673384,"55,306,643","17,516,999","12,265,554","3,136,298"
57851525,"55,256,258","15,039,182","8,849,347","7,755,775"
76025975,"55,209,090","14,215,956","3,414,119","1,480,678"
69765624,"55,121,450","3,759,281","1,634,011","1,076,458"
38895906,"55,095,721","26,234,380","5,870,831","6,807,518"
24302994,"54,965,016","53,768,207","17,654,919","8,528,818"
37461942,"54,962,508","3,116,379","1,197,370","8,816,788"
39418334,"54,930,600","21,345,827","8,824,932","9,378,889"
55587705,"54,725,447","7,782,568","2,434,777","4,672,622"
62660905,"54,688,054","25,645,998","6,899,912","7,487,871"
50379414,"54,667,394","5,088,649","2,102,610","2,202,691"
83563824,"54,664,263","9,368,553","1,924,883","1,261,910"
64905605,"54,633,966","7,219,679","2,778,384","5,341,597"
35871683,"54,464,524","82,759,985","45,308,918","9,294,546"
37417909,"54,401,464","914,675","1,425,199","5,479,336"
63795191,"54,353,614","5,736,792","2,008,794","801,857"
89463398,"54,242,704","60,319,073","13,281,348","5,524,394"
95137889,"54,171,869","21,166,335","10,310,362","5,142,523"
102156257,"54,032,657","15,913,651","2,980,583","1,585,385"
56102687,"54,017,656","28,817,591","16,709,537","12,413,644"
96239377,"53,944,553","1,424,026","548,653","242,196"
95680616,"53,861,808","2,427,907","1,212,749","593,281"
78755061,"53,858,010","10,975,286","10,201,961","5,847,341"
95677291,"53,790,254","15,821,686","3,586,418","2,462,489"
71268595,"53,752,690","4,756,202","3,724,859","3,824,114"
75075936,"53,717,198","19,506,773","2,448,311","4,703,894"
87426831,"53,595,244","11,135,392","7,070,458","3,611,403"
83318918,"53,568,516","3,059,461","1,423,425","624,612"
96191862,"53,420,123","19,285,610","10,441,853","3,831,620"
96119113,"53,397,856","10,328,948","7,594,590","2,540,770"
96421829,"53,333,543","8,799,256","5,830,225","2,926,679"
70218713,"53,313,636","3,244,516","2,296,987","1,365,855"
83366821,"53,286,845","4,370,371","3,333,333","2,563,621"
84507550,"53,282,975","13,725,692","1,702,268","3,263,811"
102348905,"53,217,255","19,024,271","3,105,824","2,160,563"
71910195,"53,192,099","7,986,055","3,953,828","3,400,748"
63575767,"53,165,248","6,572,759","4,147,194","3,989,707"
95680750,"52,763,201","2,468,686","1,261,036","737,775"
21494429,"52,512,208","13,512,521","1,227,141","4,927,533"
46007608,"52,495,673","14,786,724","4,734,960","6,141,059"
95844023,"52,379,718","24,390,152","7,917,712","3,482,313"
62017843,"52,333,178","5,351,278","2,995,835","1,616,145"
37112672,"52,304,160","17,387,495","6,263,784","7,430,902"
96272429,"52,249,651","2,397,278","358,303","664,818"
45486740,"52,197,115","9,195,551","1,902,313","4,676,225"
80644934,"52,158,768","4,210,437","794,570","1,704,325"
96261911,"51,958,318","663,098","719,884","1,503,774"
97642297,"51,942,150","2,706,765","830,568","965,445"
61954227,"51,913,568","9,439,794","6,464,672","4,071,147"
68605432,"51,889,022","14,463,570","4,511,449","5,054,638"
57069821,"51,788,910","1,394,132","1,139,443","2,464,214"
96119582,"51,749,163","5,346,688","3,061,008","2,143,357"
63122485,"51,641,787","9,372,756","6,781,193","8,528,536"
85506145,"51,601,216","1,227,305","523,476","687,493"
12529038,"51,510,282","6,188,805","3,251,636","6,571,306"
80244425,"51,470,582","2,819,632","775,926","790,430"
62241563,"51,465,374","8,869,656","2,004,807","5,865,621"
84468452,"51,456,543","7,486,033","1,944,795","3,050,185"
67147404,"51,405,872","13,485,722","6,475,756","6,257,537"
12954393,"51,405,776","8,174,371","5,673,534","12,841,052"
96274309,"51,308,153","1,821,784","1,017,716","1,854,730"
63627672,"51,305,469","4,576,672","1,825,375","4,728,939"
63082694,"51,245,745","4,824,214","1,378,225","3,182,487"
80205621,"51,238,349","4,138,979","2,380,089","2,493,141"
96577092,"51,194,344","748,664","117,001","471,628"
62679050,"51,187,093","41,391,101","11,623,339","5,151,342"
55094256,"50,958,802","15,616,049","3,466,223","3,401,007"
71224394,"50,754,806","707,896","169,006","120,916"
77732777,"50,738,367","19,363,597","10,013,740","8,456,313"
67548799,"50,702,083","2,171,275","1,118,760","2,241,878"
53803289,"50,690,792","3,766,805","1,428,958","3,826,762"
60304697,"50,641,202","1,598,592","1,066,986","1,837,418"
75126260,"50,635,971","14,701,721","11,306,037","6,015,182"
89015191,"50,533,244","15,036,426","6,283,984","5,757,989"
63115280,"50,329,934","5,264,829","1,230,961","4,344,795"
83552022,"50,274,308","3,695,496","304,995","1,047,008"
84881332,"50,260,359","11,642,847","4,392,086","4,553,732"
69894487,"50,253,299","4,808,959","1,291,368","2,533,853"
74240206,"50,216,430","5,839,930","2,112,487","2,322,864"
86002978,"50,055,237","6,538,857","2,019,914","1,293,456"
102084623,"50,038,439","21,798,361","5,638,771","4,326,814"
84489261,"50,035,242","982,402","263,750","1,390,518"
64012139,"49,948,520","6,114,086","4,265,440","2,078,925"
67130734,"49,904,229","7,023,711","3,097,338","3,865,625"
63686087,"49,896,353","7,377,266","2,789,162","4,785,164"
61178797,"49,853,004","10,557,735","1,860,316","3,008,624"
40067979,"49,819,538","3,249,601","1,448,130","5,256,731"
70015615,"49,812,053","52,869,485","14,591,536","6,674,456"
96181565,"49,746,788","2,513,135","488,243","3,032,759"
34308992,"49,664,087","18,944,534","12,428,457","8,162,949"
96259184,"49,606,119","5,830,476","3,469,310","1,987,382"
75712086,"49,585,618","8,901,333","2,015,375","4,984,403"
85448673,"49,482,433","2,883,307","1,801,589","1,162,983"
29028720,"49,440,586","6,317,527","2,664,951","5,897,202"
15570213,"49,407,691","2,866,336","2,608,343","1,385,544"
79819283,"49,304,743","7,418,221","1,571,319","2,959,428"
56223472,"49,275,029","40,530,683","22,092,746","10,742,967"
96312657,"49,273,687","60,811","37,413","14,453"
60297432,"49,216,340","3,248,054","1,646,424","4,341,584"
18530882,"49,108,348","3,449,607","1,544,170","1,963,310"
64022108,"49,080,010","8,317,572","2,559,746","4,316,178"
96240941,"49,061,413","2,140,135","1,261,995","552,953"
22020212,"48,996,024","13,151,107","4,403,757","5,273,097"
97144363,"48,958,291","3,980,554","1,104,502","559,755"
37421375,"48,940,070","5,165,781","3,851,306","8,832,623"
83201249,"48,890,768","10,510,759","3,640,152","2,088,363"
82856645,"48,854,530","8,152,357","2,008,579","2,246,362"
68809724,"48,735,069","3,034,762","456,588","3,837,740"
96294305,"48,728,871","4,313,882","2,214,191","1,161,115"
96593085,"48,411,345","308,015","311,233","287,315"
96237983,"48,393,299","2,282,195","1,571,645","663,297"
73670637,"48,390,372","10,339,419","1,506,006","2,273,550"
49691603,"48,364,241","1,777,745","388,220","2,349,702"
95716729,"48,356,803","3,757,372","1,768,948","2,864,011"
76153330,"48,289,014","6,320,655","2,406,733","3,365,613"
84118914,"48,257,363","2,864,267","1,259,183","3,275,495"
97549200,"48,252,919","4,943,379","1,654,634","3,222,555"
96291019,"48,188,579","21,771,724","7,979,948","2,701,191"
23909983,"48,136,292","2,782,018","2,109,469","6,073,530"
92298544,"48,091,086","2,487,655","725,997","709,764"
60134257,"48,072,023","30,325,672","6,865,307","4,068,418"
14739629,"48,038,295","702,766","444,500","982,437"
66006431,"48,005,464","604,398","330,814","850,023"
25782702,"47,946,114","2,739,496","1,210,311","1,276,481"
53938211,"47,940,788","5,893,297","1,236,509","1,470,581"
87989436,"47,922,930","2,725,346","1,295,951","1,969,065"
67663968,"47,880,956","2,428,896","1,295,266","3,675,888"
18373505,"47,725,837","46,191,871","31,648,471","7,996,521"
62017877,"47,711,887","9,902,473","4,420,806","2,653,357"
97132133,"47,706,942","8,983,407","3,295,195","4,059,717"
78939625,"47,670,547","1,070,081","555,488","1,262,872"
43893200,"47,562,041","2,182,240","363,879","3,709,757"
95679756,"47,553,863","3,901,550","650,594","522,875"
84581124,"47,421,730","3,110,882","656,796","2,016,247"
46027099,"47,407,501","15,574,293","3,315,720","7,947,406"
69939206,"47,396,910","2,683,607","549,163","3,238,308"
63640955,"47,242,896","11,986,859","4,621,992","7,914,013"
63478483,"47,175,857","4,011,255","2,633,763","2,311,579"
96167374,"47,104,572","1,554,387","970,750","1,191,296"
95678089,"47,016,918","15,911,039","4,047,083","1,050,972"
68399761,"46,954,816","6,223,167","3,503,737","4,375,078"
89442356,"46,936,469","12,793,056","3,411,551","4,605,057"
79394174,"46,925,648","3,713,152","314,475","4,020,497"
16578265,"46,883,637","2,130,426","840,136","2,130,104"
89414450,"46,833,851","4,163,215","5,571,232","4,576,975"
61086085,"46,817,030","7,026,006","3,041,034","2,879,439"
77045774,"46,747,376","13,969,905","1,766,322","2,148,192"
80799822,"46,741,606","3,646,244","2,746,910","1,518,851"
68390276,"46,657,361","19,161,545","4,361,192","6,186,913"
95729550,"46,640,417","56,418,164","6,026,159","2,571,299"
68560136,"46,538,939","6,912,485","4,323,233","3,816,564"
75418339,"46,519,575","335,894","144,628","951,510"
96254648,"46,508,930","200,932","99,357","73,560"
77711460,"46,482,827","1,434,166","1,308,436","3,094,770"
84981994,"46,451,703","3,230,120","425,627","1,127,198"
95670341,"46,448,036","4,863,951","1,506,457","1,288,237"
40419140,"46,429,739","11,969,039","2,395,099","4,445,447"
52710496,"46,407,437","14,678,461","3,251,694","2,823,769"
76795427,"46,314,393","19,022,027","2,502,297","4,314,329"
47358328,"46,306,903","2,810,059","446,180","4,856,947"
98398193,"46,263,123","1,732,914","567,456","667,548"
96262955,"46,252,608","1,054,691","920,765","960,483"
43891216,"46,232,606","9,078,916","3,294,481","8,754,116"
47106173,"46,156,056","6,248,850","4,189,520","7,415,822"
44665294,"46,127,563","10,773,964","5,414,943","7,689,854"
66284657,"46,100,940","6,113,734","1,926,930","3,484,181"
80604779,"46,054,850","765,725","637,762","598,415"
84623577,"45,982,303","9,850,608","3,716,222","1,643,735"
83760283,"45,946,144","4,009,703","412,136","1,070,207"
96386777,"45,931,618","1,123,622","613,672","155,297"
71064808,"45,919,737","13,618,362","4,291,321","2,801,275"
51669742,"45,902,866","3,682,799","1,199,674","5,202,819"
96216646,"45,878,900","4,031,612","2,600,942","1,666,241"
96197953,"45,877,617","9,665,831","898,901","592,908"
70189040,"45,866,301","3,047,560","2,324,063","1,864,282"
96675956,"45,794,194","11,010,766","1,315,643","1,873,570"
76058615,"45,787,167","6,971,354","1,874,167","6,539,038"
96025702,"45,747,575","3,318,772","1,702,707","884,786"
80257931,"45,718,162","322,938","31,633","11,208"
77045887,"45,660,513","65,244,599","12,279,604","7,549,135"
75577618,"45,609,780","4,272,094","1,040,655","2,516,334"
96139324,"45,583,919","610,214","1,057,384","1,541,258"
72323178,"45,553,850","863,419","416,525","4,183,306"
54622801,"45,551,336","8,312,111","2,966,339","5,633,320"
1181144,"45,489,326","1,051,870","528,255","2,545,320"
56567751,"45,359,037","2,762,898","1,298,869","3,360,432"
58698652,"45,334,493","8,510,741","3,023,679","2,535,989"
73393192,"45,329,510","6,002,468","2,270,577","5,276,676"
83594081,"45,297,931","3,030,508","2,064,427","3,592,726"
73915182,"45,275,885","9,934,297","2,907,610","4,167,716"
92413859,"45,264,112","2,373,530","2,722,022","3,176,845"
34106908,"45,263,299","593,860","457,584","2,046,155"
85246553,"45,238,276","2,621,776","400,418","1,870,326"
92573671,"45,157,481","4,878,732","1,084,132","1,199,407"
48452348,"45,154,035","10,221,121","2,301,682","5,797,062"
83303668,"45,150,559","5,226,075","2,631,355","1,317,627"
97680032,"45,146,770","1,123,871","333,502","424,749"
79847940,"45,107,738","12,476,462","3,217,306","3,054,336"
39976329,"45,036,638","14,856,940","2,471,011","4,571,133"
95677486,"45,030,465","6,833,382","527,970","535,907"
57860847,"44,977,626","5,151,194","1,407,093","6,741,065"
96295895,"44,928,269","485,752","475,834","261,995"
90186312,"44,791,501","7,116,858","486,579","1,537,923"
87981918,"44,779,649","7,382,126","4,263,345","3,371,139"
28491704,"44,771,491","338,886","3,470",0
96105156,"44,758,560","4,900,837","675,823","1,462,441"
21257492,"44,755,847","1,606,631","371,791","2,168,027"
74357168,"44,700,156","5,645,163","1,269,068","1,702,308"
84061546,"44,646,952","1,236,177","422,418","450,389"
68578696,"44,633,451","2,122,807","798,022","1,136,747"
83267807,"44,613,822","17,460,743","5,870,752","4,626,935"
84087218,"44,588,864","4,110,240","1,420,853","674,577"
96240207,"44,587,036","16,250",0,"207,342"
79108940,"44,560,632","14,863,391","6,458,782","3,807,691"
89303794,"44,529,841","226,740","103,320","144,241"
86176618,"44,524,652","4,096,528","2,137,628","1,567,862"
91324773,"44,465,620","4,694,434","1,298,480","1,056,127"
42331212,"44,462,667","361,472","200,457","812,887"
96158047,"44,352,184","7,545,670","423,170","2,119,141"
24899358,"44,317,704","643,822","624,392","644,355"
56911574,"44,297,544","13,190,633","3,143,486","6,012,077"
78449628,"44,252,260","1,551,546","1,242,544","712,293"
90175840,"44,230,292","4,748,067","1,273,520","3,012,870"
57403982,"44,101,552","2,706,623","1,539,258","3,930,733"
1519039,"44,095,799","2,268,433","431,883","1,307,702"
66408786,"44,081,811","4,083,577","2,361,773","2,870,876"
96283208,"44,052,613","553,350","223,325","393,988"
50391363,"44,038,632","7,417,238","1,000,863","4,088,350"
1518877,"44,036,302","816,790","302,239","1,190,002"
69220396,"43,969,812","5,244,941","411,535","2,899,961"
69847791,"43,935,320","8,866,128","2,468,000","5,596,699"
97066731,"43,885,080","3,364,849","1,497,041","1,131,270"
75209116,"43,790,249","9,431,551","1,126,889","2,416,227"
47647863,"43,753,934","7,092,389","1,670,909","4,250,869"
83566332,"43,716,395","9,991,643","3,373,303","3,553,130"
87289463,"43,611,692","2,380,411","528,300","469,302"
76274398,"43,607,626","609,159","220,802","366,481"
75103607,"43,595,402","2,558,240","1,042,619","7,278,700"
85852985,"43,473,741","5,627,122","3,147,728","2,346,660"
53653040,"43,466,626","2,405,442","82,406","942,726"
96258173,"43,457,195","1,601,029","677,764","687,151"
58993326,"43,367,299","3,873,363","3,102,257","3,474,375"
101564412,"43,360,877","21,488,210","4,903,200","2,582,032"
80223445,"43,310,562","16,967,448","4,070,495","2,633,018"
84895741,"43,303,754","12,807,645","1,473,915","1,871,649"
86570708,"43,282,080","1,050,163","229,541","432,243"
66337757,"43,260,587","5,370,334","2,401,345","2,728,654"
87376450,"43,255,699","6,316,785","803,584","1,846,099"
28653501,"43,253,152","6,590,390","1,529,667","2,486,037"
91384301,"43,245,048","2,527,096","1,408,847","807,807"
85371359,"43,185,295","5,870,613","1,571,042","1,332,363"
57769868,"43,170,672","584,077","451,249","6,168,243"
78339074,"43,164,647","1,908,308","699,040","2,169,063"
92278149,"43,148,247","2,831,101","883,028","2,645,217"
64016617,"43,101,553","2,935,897","692,521","2,864,451"
86883323,"43,022,130","2,593,947","1,169,609","6,255,976"
97160911,"43,010,170","1,602,751","541,483","736,301"
76624940,"42,987,498","445,589","43,496","804,765"
78025780,"42,975,816","1,036,133","931,825","1,761,154"
79984177,"42,962,350","2,142,897","987,511","1,008,966"
1678654,"42,952,666","4,766,895","732,366","8,624,973"
95676053,"42,911,804","3,443,391","1,600,393","515,114"
97223990,"42,868,127","11,728,300","1,432,214","1,299,295"
16155630,"42,789,650","434,583","560,202","894,568"
96170888,"42,667,020","5,348,861","2,407,783","1,273,076"
71028257,"42,571,831","7,142,265","2,352,886","3,489,617"
60222813,"42,484,200","18,701,171","2,533,004","3,525,655"
90554584,"42,422,606","2,750,705","760,434","1,206,005"
88866971,"42,409,365","554,575","26,944","7,954"
76603428,"42,406,320","7,018,427","2,539,008","2,622,758"
89617826,"42,392,287","10,302,759","659,413","2,741,343"
63817062,"42,375,333","872,909","568,430","3,447,401"
96153296,"42,363,535","1,793,380","1,179,457","706,346"
96622775,"42,345,706","3,976,154","1,218,828","879,978"
76962047,"42,310,336","1,380,996","673,134","1,760,456"
71145699,"42,164,807","3,349,480","457,430","1,782,820"
75343593,"42,131,383","9,031,441","1,570,620","3,579,647"
80741243,"42,125,811","1,309,597","788,726","494,078"
20619443,"42,119,753","60,746","75,073","821,558"
57008215,"42,113,201","4,099,373","1,350,058","2,187,931"
76050609,"42,112,076","16,097,764","2,565,087","1,669,804"
96253628,"42,042,765","7,581,741","6,289,815","1,055,951"
83732775,"41,995,746","5,496,767","1,737,570","2,375,485"
82284361,"41,981,182","965,869","695,252","466,434"
4209884,"41,974,867","866,697","880,350","1,811,319"
38306982,"41,957,386","267,979","209,601","1,993,845"
96293177,"41,935,272","12,537,571","8,029,151","2,128,295"
97100314,"41,816,455","253,976","22,422","21,461"
65644357,"41,804,185","557,447","10,662","134,542"
96006500,"41,800,482","2,628,058","1,390,142","890,816"
76319094,"41,721,671","719,325","132,805","707,958"
75341283,"41,701,957","1,664,488","809,963","1,502,842"
96131574,"41,675,731","860,126","544,098","281,286"
26717073,"41,653,130","4,778,405","1,512,078","2,302,003"
88010657,"41,646,864","9,832,895","191,020","2,622,945"
58025104,"41,591,796","48,762","45,950","360,679"
96410358,"41,507,267","971,890","215,069","161,291"
96255103,"41,431,080","978,223","898,562","1,861,014"
98020847,"41,405,471","2,453,868","943,709","1,364,823"
96616712,"41,371,389","3,311,440","238,122","1,084,385"
96095459,"41,336,971","6,511,893","205,641","1,136,164"
6261400,"41,301,111","9,948,964","3,591,258","15,213,713"
96131585,"41,284,271","1,125,926","681,300","415,720"
39666473,"41,229,128","2,974,223","1,493,622","4,779,960"
70923455,"41,215,320","218,966","306,273","3,257,464"
69090210,"41,180,444","9,351,154","3,278,913","5,124,306"
83252785,"41,109,006","8,130,342","2,631,569","5,168,579"
42028782,"41,107,670","14,283,715","4,990,882","4,122,047"
97194125,"41,094,652","1,490,079","764,889","836,160"
92000528,"40,998,444","43,776,849","4,432,540","4,808,935"
61460506,"40,917,779","4,833,463","835,665","6,462,191"
82582496,"40,893,686","1,377,886","322,411","3,874,688"
38693494,"40,887,574","1,074,942","349,985","2,471,215"
90654001,"40,865,198","833,193",696,"114,955"
87771643,"40,836,846","3,303,322","1,123,073","2,744,558"
70769480,"40,817,253","68,445","112,336","2,281,629"
95676757,"40,786,833","2,437,351","143,352","353,872"
66327642,"40,767,208","8,448,939","1,480,200","2,193,299"
76585321,"40,759,900","1,540,374","502,960","843,025"
96299426,"40,678,465","43,074",0,"224,399"
96298101,"40,665,799","773,007","56,249","77,421"
96246071,"40,616,630","605,667","53,538","245,836"
71765156,"40,616,207","8,159,959","2,886,047","6,253,009"
80858495,"40,568,442","3,299,873","421,254","5,136,689"
95668784,"40,561,949","9,664,252","567,456","985,605"
78599363,"40,519,486","8,107,475","1,629,476","1,339,609"
96178913,"40,484,341","5,350,903","5,007,684","2,197,338"
80565868,"40,432,936","144,443","29,591",0
74017720,"40,421,269","4,348,134","724,960","3,656,440"
79498103,"40,411,397","18,201,185","6,220,580","2,333,737"
10381258,"40,386,393","6,722,222","2,413,850","6,432,336"
96198317,"40,367,684","4,992,357","763,921","552,501"
96365102,"40,365,079","466,080","319,441","447,148"
66424168,"40,364,313","3,388,475","11,448","617,959"
45305382,"40,335,905","759,259","179,612","514,762"
17647992,"40,332,966","8,987,557","1,939,652","6,834,688"
84998606,"40,312,941","3,653,439","2,158,633","4,691,024"
69521696,"40,282,834","2,617,011","718,421","992,888"
80873808,"40,231,362","522,758","414,745","955,361"
44071135,"40,075,516","321,156","867,915","596,777"
66144116,"40,069,512","5,515,837","995,745","2,546,954"
63588150,"39,978,319","1,977,819","2,647,109","5,574,865"
79101788,"39,960,363","858,479","85,115","20,654"
70132784,"39,958,481","10,507,405","2,957,098","4,259,692"
15888946,"39,925,865","880,432","2,191,763","3,566,523"
11033108,"39,903,057","4,313,045","1,164,231","7,193,418"
82031052,"39,885,023","4,403,975","5,019,089","3,709,220"
87481833,"39,866,989","789,364","185,853","2,805,962"
96182558,"39,851,591","6,275,705","3,833,266","3,438,544"
79935816,"39,848,235","2,864,192","619,696","840,478"
80522955,"39,814,578","2,035,376","2,110,261","2,296,321"
81517208,"39,792,228","1,054,360","24,280","812,726"
64576781,"39,729,496","8,610",239,0
74919143,"39,691,932","1,090,061","653,775","1,879,651"
28012801,"39,641,770","141,317","175,761","1,768,198"
60141103,"39,610,817","13,197,378","3,369,968","4,624,321"
80559025,"39,592,536","4,499,404","3,139,903","2,755,835"
80854125,"39,567,690","230,824","131,034","352,697"
78953745,"39,533,738","170,883","340,077","4,539,229"
54234687,"39,488,571","1,455,456","1,109,024","2,694,728"
46217069,"39,464,832","3,051,286","569,566","5,836,556"
98578573,"39,447,765","2,405,610","879,027","1,126,521"
96123446,"39,374,158","6,431,556","1,730,763","2,601,731"
95677106,"39,342,202","3,229,859","884,850","584,964"
40940350,"39,317,191","8,579,440","1,917,363","6,456,721"
97143154,"39,274,478","884,508","178,409","403,371"
71286696,"39,250,636","4,874,913","529,943","2,620,161"
47159236,"39,223,461","2,299,878","522,656","2,701,981"
64319584,"39,218,420","5,115,541","683,904","3,265,390"
78596983,"39,203,320","13,409",0,"73,274"
96553958,"39,149,912","1,174,174","251,501","297,318"
87107664,"39,063,429","774,348",0,"54,047"
84500039,"39,010,053","1,530,597","670,539","1,577,074"
62690250,"38,996,796","3,317,065","651,492","3,191,409"
18719718,"38,980,631","1,467,521","103,771","1,245,728"
96259916,"38,974,524","1,575,986","388,288","316,546"
58053708,"38,959,575","2,032,331","215,766","3,159,225"
47474675,"38,876,458","20,810,914","5,718,267","9,177,310"
66765325,"38,843,561","9,687,725","2,214,882","3,448,350"
54768769,"38,802,069","8,878,245","1,787,328","4,102,181"
58920386,"38,791,587","2,363,283","1,124,416","1,952,095"
75599064,"38,681,245","3,460,053","831,445","2,138,598"
1408250,"38,679,128","1,423,388","12,295","3,042,474"
96246383,"38,650,232","1,021,852","389,728","779,979"
87615855,"38,615,553","16,789,718","1,857,428","1,554,723"
96261561,"38,575,897","209,496","152,082","1,879,744"
77266140,"38,553,961","3,189,742","67,026","2,503,575"
85942663,"38,553,503","1,343,812","574,913","2,227,537"
17199532,"38,502,572","886,087","900,551","4,563,085"
92069151,"38,483,945","1,909,294","660,281","2,049,082"
59951634,"38,436,934","5,635,677","549,981","2,215,418"
88361524,"38,386,962","8,031,343","3,938,548","2,724,529"
10748052,"38,174,754","1,792,295","480,703","3,382,648"
79573508,"38,136,987","676,172","512,651","1,514,806"
96812276,"38,116,092","301,810","269,876","1,921,128"
80959999,"38,093,987","308,184",0,"33,301"
96326385,"38,085,560","540,907","51,426","132,228"
78011575,"38,054,887","24,252,225","882,457","2,697,410"
91938689,"38,040,477","816,993","60,361","744,746"
70764354,"38,014,842","1,308,737","175,235","974,763"
81359161,"37,995,738","344,948",0,"114,453"
49238719,"37,964,314","3,834,904","681,873","661,322"
66421113,"37,880,265","1,676,784","166,407","356,116"
61647508,"37,875,041","2,392,596","1,169,912","2,114,666"
53410809,"37,844,599","160,946","185,591","2,216,895"
96250250,"37,816,143","178,884",758,"214,668"
95682164,"37,794,530","2,097,988","167,588","771,035"
96195262,"37,784,058","3,280,336","735,774","813,477"
96249784,"37,760,027","1,596,283","617,876","2,220,052"
84465615,"37,726,904","1,847,789","469,698","1,563,557"
72628943,"37,719,301","1,331,515","161,041","1,469,427"
61983631,"37,688,755","3,082,869","896,495","2,716,935"
51123221,"37,632,459","9,792,858","2,009,041","6,747,717"
81891512,"37,523,863","3,450,679","919,789","5,666,758"
70776824,"37,517,351","192,942","117,936","1,107,362"
71361379,"37,493,973","206,516","192,436","2,601,556"
60665838,"37,402,837","32,077","61,285","594,353"
55884065,"37,390,639","14,517,858","3,853,783","4,788,350"
95736299,"37,351,798","599,217","41,727","422,227"
12722180,"37,237,576","708,301","127,215","1,951,846"
80434403,"37,208,577","549,116","72,933","591,114"
80264878,"37,185,265","15,739,441","6,840,440","5,308,864"
75970721,"37,139,320","7,713,950","3,345,978","3,745,151"
88378861,"37,112,125","5,513,142","331,085","4,922,400"
66504517,"37,098,899","12,990","41,180","100,753"
73399169,"37,066,126","9,263,569","3,282,024","1,560,953"
83529205,"37,054,073","2,318,124","296,281","548,004"
34330811,"37,048,911","2,314,224","522,357","1,692,961"
96228988,"37,000,800","4,331,353","1,913,457","2,866,968"
96176551,"36,981,999","1,397,559","357,199","932,431"
73951651,"36,967,808","494,846","4,274","303,448"
63312297,"36,911,775","8,013,724","1,907,801","3,757,207"
48649473,"36,875,909","1,544,077","604,505","2,779,475"
63375965,"36,833,257","2,207,842","1,123,937","3,538,312"
80347091,"36,815,666","8,671,132","3,005,823","7,700,690"
97121989,"36,682,857","1,044,316","671,356","1,726,613"
53336309,"36,668,575","8,452,379","1,352,379","3,836,737"
101976847,"36,659,280","836,656","203,831","239,062"
94841346,"36,647,169","869,007","235,922","621,212"
64704424,"36,611,949","5,457,037","1,758,679","4,869,205"
102362628,"36,606,388","1,551,341","23,806","649,784"
69373834,"36,583,516","46,540","45,115","982,491"
69967186,"36,578,894","43,988,126","12,616,863","3,368,364"
84496079,"36,550,426","522,348","216,977","1,685,136"
94670228,"36,465,686","7,284,203","1,187,008","1,139,539"
95673075,"36,411,594","2,441,521","769,035","815,910"
61920121,"36,325,357","2,386,085","965,736","3,492,285"
80611525,"36,284,371","125,566","17,410","468,046"
83345137,"36,222,283","8,410,975","1,213,341","2,017,500"
60303728,"36,157,755","1,470,410","290,397","714,712"
96287232,"36,140,099","278,511","10,673","285,371"
68247542,"36,110,123","62,900","172,875","1,185,721"
42510543,"36,025,666","1,923,586","432,026","2,202,016"
73884186,"36,023,742","1,581,505","230,859","1,905,252"
96132492,"35,985,519","3,909,809","296,254","1,174,740"
96253007,"35,961,664","917,063","380,990","736,098"
53399282,"35,908,226","6,377,799","1,439,050","4,053,819"
68635481,"35,888,066","9,054,747","1,830,319","3,425,740"
57757225,"35,869,863","10,040,502","1,303,950","4,121,446"
17617566,"35,844,151","189,644","534,632","2,014,155"
96057102,"35,727,275","1,136,117","450,119","1,055,436"
96214479,"35,695,877","1,560,122","190,058","1,208,037"
64252232,"35,680,894","42,312","6,928","205,982"
85236573,"35,678,798","2,069,884","484,068","3,222,829"
87401011,"35,670,485","617,822","108,496","169,807"
95678108,"35,605,209","1,743,267","670,875","549,429"
63706408,"35,593,035","369,165","361,029","1,544,421"
80252834,"35,555,049","7,614,697","1,964,148","2,108,895"
23458879,"35,549,545","209,713","94,372","15,920"
49368992,"35,535,018","1,988,865","964,847","3,405,837"
50395565,"35,521,886","669,062","215,420","2,087,137"
96299115,"35,497,978","605,527","21,669","186,331"
42153804,"35,476,744","116,086","467,003","2,837,625"
77263992,"35,395,625","38,676",258,"41,833"
92805084,"35,363,044","126,483","31,646","18,391"
96194999,"35,305,059","206,071","11,563","1,511,721"
66506925,"35,267,456","14,059","13,524",0
62351996,"35,257,000","4,323,935","2,191,855","1,717,458"
42577480,"35,252,530","224,369","35,548","167,770"
82076344,"35,214,362","1,198,266","778,592","600,675"
96434218,"35,197,732","1,802,259","899,508","1,410,387"